,Employer Address,Policy Number,Policy Expiration Date,Employer Name,Named Insured,Class Code
0,1541 SE PORT ST LUCIE BLVD STE,WC58600001021SZ,03/01/2022,2ND CHANCE MENTAL HEALTH CENTER LLC,2ND CHANCE MENTAL HEALTH CENTER LLC,8380
1,1541 SE PORT ST LUCIE BLVD STE,WC58600001021SZ,03/01/2022,2ND CHANCE MENTAL HEALTH CENTER LLC,"2ND CHANCE MENTAL HEALTH CENTER, LLC",8380
2,3685 NORTH US 1,AVWCFL2963972021,03/29/2022,A & A AUTO SALVAGE INC,A & A AUTO SALVAGE INC,3821
3,2801 N US HIGHWAY 1,ABWC253952,03/30/2022,A & B WIRELESS & PAGERS INC,A & B WIRELESS & PAGERS INC,8017
4,1230 SE INDUSTRIAL BLVD,AWC1163504,03/16/2022,A&A SUPPLY DBA,A & A SUPPLY CO,8018
5,1230 SE INDUSTRIAL BLVD,AWC1163504,03/16/2022,A&A SUPPLY DBA,FRADONNA ENTERPRISES INC,8018
6,3671 SW VOYAGER ST,FWFL0010587302,03/23/2022,A&J CONSTRUCTION OF FLORIDA LLC,A&J CONSTRUCTION OF FLORIDA LLC,5645
7,3671 SW VOYAGER ST,FWFL0010587302,03/23/2022,A&J CONSTRUCTION OF FLORIDA LLC,A&J CONSTRUCTION OF FLORIDA LLC,5645
8,879 SW SOUTH MACEDO BLVD,WC01000001021,03/01/2022,A1 RESTORATION LLC DBA,KYMBERLY GROUP PAYROLL SOLUTIONS INC,7219
9,10878 S US HIGHWAY 1,6FR13UB7D76429721,03/20/2022,AAA LATH & STUCCO INC,AAA LATH & STUCCO INC,5022
10,302 SE FISK RD,6FR13UB7D76429721,03/20/2022,AAA LATH & STUCCO INC,AAA LATH & STUCCO INC,5022
11,302 SE FISK RD,6FR13UB7D76429721,03/20/2022,AAA LATH & STUCCO INC,AAA LATH & STUCCO INC,5022
12,5936 NW BRENDA CIR,WC2B72170771011,03/30/2022,ACCEDIAN NETWORKS US INC,ACCEDIAN NETWORKS US INC,8742
13,1801 SE HILLMOOR DR STE A-103,TWC3974301,03/30/2022,ACCREDITED MEDICAL PROVIDERS,ACCREDITED MEDICAL PROVIDERS,8832
14,451 SW BETHANY DR STE 201,TWC3974301,03/30/2022,ACCREDITED MEDICAL PROVIDERS,ACCREDITED MEDICAL PROVIDERS,8832
15,4006 MARIAH CIR,52060120,03/01/2022,ACCURATE TRUCK & EQUIPMENT INC,ACCURATE TRUCK & EQUIPMENT INC,8380
16,4006 MARIAH CIR,52060120,03/01/2022,ACCURATE TRUCK & EQUIPMENT INC,ACCURATE TRUCK & EQUIPMENT INC,8380
17,2694 SW BRIGANTINE PL,52055778,03/21/2022,ACT HEATING & COOLING LLC,ACT HEATING & COOLING LLC,5537
18,2694 SW BRIGANTINE PL,52055778,03/21/2022,ACT HEATING & COOLING LLC,ACT HEATING & COOLING LLC,5537
19,3306 SW MARTIN ST,52055778,03/21/2022,ACT HEATING & COOLING LLC,ACT HEATING & COOLING LLC,5537
20,2033 SE LENNARD RD STE 105,83056999,03/01/2022,ACTON AHP LLC,ACTON AHP LLC,9012
21,2339 S US HIGHWAY 1,AWC1164292,03/13/2022,ADVANCED CARE EMERGI CENTER & OCCUPATIONAL HEALTH CLINIC INC,ADVANCED CARE EMERGI CENTER & OCCUPATIONAL HEALTH CLINIC INC,8832
22,12419 SW KEATING DR,767490,03/02/2022,ADVANCED SPRINKLERS INC,ADVANCED SPRINKLERS INC,5183
23,12419 SW KEATING DR,767490,03/02/2022,ADVANCED SPRINKLERS INC,ADVANCED SPRINKLERS INC,5183
24,601 S MARKET AVE,C68954149,03/01/2022,ADVANTAGE AIR CONDITIONING OF THE TREASURE COAST INC,TRINET HR II HOLDINGS INC,8832
25,3504 INDUSTRIAL 27TH ST,C68954149,03/01/2022,AEREX INDUSTRIES INC,TRINET HR II HOLDINGS INC,8832
26,7410 S US HIGHWAY 1 STE 400,MWC018352601,03/24/2022,AFFORDABLE CHOICE CREMATION LLC,SIMPLY CREMATION LLC,9620
27,3500 SE MORNINGSIDE BLVD,C67819299,03/31/2022,AIR AMBULANCE SPECIALISTS INC,AIR AMBULANCE SPECIALISTS INC,7705
28,361 SE FAITH TER,MWC016596702,03/10/2022,AIR CARE SOLUTIONS OF FLORIDA INC,AIR CARE SOLUTIONS OF FLORIDA INC,5537
29,361 SE FAITH TER,MWC016596702,03/10/2022,AIR CARE SOLUTIONS OF FLORIDA INC,AIR CARE SOLUTIONS OF FLORIDA INC,5537
30,585 NW MERCANTILE PL STE 103,52108360,03/21/2022,AIR SOURCE 1 LLC,AIR SOURCE 1 LLC,5537
31,595 NW MERCANTILE PLACE STE 103,52108360,03/21/2022,AIR SOURCE 1 LLC,AIR SOURCE 1 LLC,5537
32,7548 S US HIGHWAY 1,52108360,03/21/2022,AIR SOURCE 1 LLC,AIR SOURCE 1 LLC,5537
33,572 NW AVENS ST,WC624160654,03/15/2022,ALERUS FINANCIAL N A,ALERUS FINANCIAL N A,8855
34,1701 SE HILLMOOR DR,WCV000691103,03/22/2022,ALEXANDRA BERGER MD PA,ALEXANDRA BERGER MD PA,8832
35,2650 SW CALDER ST,ALWC212170,03/05/2022,ALL AMERICAN COOLING INC,ALL AMERICAN COOLING INC,5537
36,2700 S KINGS HWY,TWC3966303,03/25/2022,ALL AMERICAN TRAILER CONNECTION INC,ALL AMERICAN TRAILER CONNECTION INC,8380
37,5212 OKEECHOBEE RD,WC625553326,03/08/2022,ALL CELLULAR FORT MEYERS LLC,ALL CELLULAR FORT MEYERS LLC,8017
38,1742 SE LORRAINE ST,TWC3950298,03/15/2022,ALL CONTRACTOR SERVICES INC,ALL CONTRACTOR SERVICES INC,5183
39,428 SE SUNNYDALE LN,XWS2259655651,03/18/2022,ALL QUALITY LIQUIDATORS LLC,ALL QUALITY LIQUIDATORS LLC,8017
40,4810 SO FEDERAL HIGHWAY,XWS2259655651,03/18/2022,ALL QUALITY LIQUIDATORS LLC,ALL QUALITY LIQUIDATORS LLC,8017
41,521 NW ENTERPRISE DR,XWS2259655651,03/18/2022,ALL QUALITY LIQUIDATORS LLC,ALL QUALITY LIQUIDATORS LLC,8017
42,2691 SW PORT ST LUCIE BLVD,76WEGJY6623,03/24/2022,ALLY PARKER BROWN TITLE INSURANCE AGENCY LLC,ALLY PARKER BROWN TITLE INSURANCE AGENCY LLC,8810
43,2691 SW PORT ST LUCIE BLVD,76WEGJY6623,03/24/2022,ALLY PARKER BROWN TITLE INSURANCE AGENCY LLC,ALLY PARKER BROWN TITLE INSURANCE AGENCY LLC,8810
44,2691 SW PORT ST LUCIE BLVD,76WEGJY6623,03/24/2022,ALLY PARKER BROWN TITLE INSURANCE AGENCY LLC,ALLY PARKER BROWN TITLE INSURANCE AGENCY LLC,8810
45,698 SW PORT ST LUCIE BLVD,76WEGJY6623,03/24/2022,ALLY PARKER BROWN TITLE INSURANCE AGENCY LLC,ALLY PARKER BROWN TITLE INSURANCE AGENCY LLC,8810
46,1472 SE HUFFMAN RD,WCV0142345,03/13/2022,ALPHA PAINTING CONTRACTORS OF THE TREASURE COAST INC,ALPHA PAINTING CONTRACTORS OF THE TREASURE COAST INC,5606
47,3108 SE MALL TER,52108392,03/26/2022,ALT ELECTRIC INC,ALT ELECTRIC INC,5190
48,3108 SE MALL TER,52108392,03/26/2022,ALT ELECTRIC INC,ALT ELECTRIC INC,5190
49,4330 N HIGHWAY A1A,AWC1163379,03/05/2022,ALTAMIRA AT NORTH HUTCHINSON ISLAND CONDOMINUM ASSN INC,ALTAMIRA AT NORTH HUTCHINSON ISLAND CONDOMINUM ASSN INC,9015
50,531 NW LAKE WHITNEY PL STE 106,83WEBU6934,03/11/2022,ALZHEIMERS DISEASE & RELATED DISORDERS ASSN INC,ALZHEIMERS DISEASE & RELATED DISORDERS ASSN INC,8810
51,1112 SW BAYSHORE BLVD,XWS2258616420,03/07/2022,AMERICAN TIRE & AUTO CARE INC,AMERICAN TIRE & AUTO CARE INC,8380
52,7420 COMMERCIAL CIR,TWC3951972,03/22/2022,AMERICAN WOODWORK INDUSTRY LLC,AMERICAN WOODWORK INDUSTRY LLC,2883
53,3601 CROSSROADS PKWY,TWC3962364,03/16/2022,AMERICLEAN JANITORIAL SERVICES,AMERICLEAN JANITORIAL SERVICES,9014
54,6051 S US HIGHWAY 1 LOT 4,TWC3953205,03/27/2022,AMG BROTHERS CONCRETE INC,AMG BROTHERS CONCRETE INC,5221
55,1449 SW ORIOLE LN,TWC3952471,03/10/2022,AMIGOS CONSTRUCTION SERVICES INC,AMIGOS CONSTRUCTION SERVICES INC,5022
56,1449 SW ORIOLE LN,TWC3952471,03/10/2022,AMIGOS CONSTRUCTION SERVICES INC,AMIGOS CONSTRUCTION SERVICES INC,5022
57,832 SW TROUVILLE AVE,TWC3952471,03/10/2022,AMIGOS CONSTRUCTION SERVICES INC,AMIGOS CONSTRUCTION SERVICES INC,5022
58,1449 SW ORIOLE LN,TWC3952471,03/10/2022,AMIGOS CONSTRUCTION SERVICES INC,"AMIGOS CONSTRUCTION SERVICES, INC",5022
59,1449 SW ORIOLE LN,TWC3952471,03/10/2022,AMIGOS CONSTRUCTION SERVICES INC,"AMIGOS CONSTRUCTION SERVICES, INC",5022
60,832 SW TROUVILLE AVE,TWC3952471,03/10/2022,AMIGOS CONSTRUCTION SERVICES INC,"AMIGOS CONSTRUCTION SERVICES, INC",5022
61,573 SW BILTMORE ST,TWC3949122,03/31/2022,ANDERSEN ANDRE CONSULTING ENGINEERS INC,ANDERSEN ANDRE CONSULTING ENGINEERS INC,8601
62,834 SW SWAN AVE,TWC3949122,03/31/2022,ANDERSEN ANDRE CONSULTING ENGINEERS INC,ANDERSEN ANDRE CONSULTING ENGINEERS INC,8601
63,834 SW SWAN AVE,TWC3949122,03/31/2022,ANDERSEN ANDRE CONSULTING ENGINEERS INC,ANDERSEN ANDRE CONSULTING ENGINEERS INC,8601
64,5950 GLADES CUT OFF RD,WC84000347462021A,03/01/2022,ANDERSON RENTALS INC,ANDERSON RENTALS INC,9402
65,575 NW MERCANTILE PL STE 108,WCV0260704,03/15/2022,ANTHONYS FLOORING DESIGNS INC,ANTHONYS FLOORING DESIGNS INC,5348
66,601 S 33RD ST,EIG472310100,03/01/2022,APOSTOLIC ASSEMBLY OF THE FAIT,APOSTOLIC ASSEMBLY OF THE FAIT,8868
67,1898 SE BOMA AVEVENUE,RT21MWC1110022202,03/01/2022,APPLIANCE BROKERS LIMITED INC,APPLIANCE BROKERS LIMITED INC,8044
68,5000 WEST MIDWAY RD STE 12295,MWC014573703,03/21/2022,AQUA IRRIGATION LLC,AQUA IRRIGATION LLC,5183
69,7548 SOUTH U S #1 - SUITE 147,MWC014573703,03/21/2022,AQUA IRRIGATION LLC,AQUA IRRIGATION LLC,5183
70,323 SW COCONUT KEY WAY,AQWC246011,03/07/2022,AQUATEK POOL SOLUTIONS INC,AQUATEK POOL SOLUTIONS INC,9014
71,PO BOX 880757,AQWC246011,03/07/2022,AQUATEK POOL SOLUTIONS INC,AQUATEK POOL SOLUTIONS INC,9014
72,PO BOX 880757,AQWC246011,03/07/2022,AQUATEK POOL SOLUTIONS INC,AQUATEK POOL SOLUTIONS INC,9014
73,1659 SW LEXINGTON DR,TWC3953689,03/01/2022,ARBOR VILLAGE HOME LLC,ARBOR VILLAGE HOME LLC,8842
74,1659 SW LEXINGTON DR,TWC3953689,03/01/2022,ARBOR VILLAGE HOME LLC,ARBOR VILLAGE HOME LLC,8842
75,5977 NW BAYNARD DR,TWC3953689,03/01/2022,ARBOR VILLAGE HOME LLC,ARBOR VILLAGE HOME LLC,8842
76,5977 NW BAYNARD DR,TWC3953689,03/01/2022,ARBOR VILLAGE HOME LLC,ARBOR VILLAGE HOME LLC,8842
77,6458 NW FOXGLOVE ST,TWC3953689,03/01/2022,ARBOR VILLAGE HOME LLC,ARBOR VILLAGE HOME LLC,8842
78,4995 CONLEY PL,WC01000001021,03/01/2022,ATLANTIC CUSTOM LANDSCAPES INC,ATLANTIC CUSTOM LANDSCAPES INC,7219
79,6900 HERITAGE DR,UB3N63593A2142G,03/13/2022,AUTO PRO TECH INC,AUTO PRO TECH INC,8380
80,6900 HERITAGE DR,UB3N63593A2142G,03/13/2022,AUTO PRO TECH INC,AUTO PRO TECH INC,8380
81,10020 SW OAK TREE CIR,CWD740921708,03/01/2022,AVATAR PROPERTIES INC,AVATAR PROPERTIES INC,5606
82,551 SW BETHANY DR,WC58600001021SZ,03/01/2022,BAMBINI'S KINGDOM INC,KYMBERLY GROUP PAYROLL SOLUTIONS INC,8380
83,1820 SW BAYSHORE BLVD,TWC3950823,03/12/2022,BAYSHORE TIRE & AUTO SERVICE CENTER LLC,BAYSHORE TIRE & AUTO SERVICE CENTER LLC,8380
84,2400 S OCEAN DR,Z136568402,03/16/2022,BEACHTREE II INC,BEACHTREE II INC,9015
85,543 NW LAKE WHITNEY PL STE 101,Z136568402,03/16/2022,BEACHTREE II INC,BEACHTREE II INC,9015
86,2501 SW FAIRGREEN RD,EIG208306407,03/15/2022,BEEPAT ENTERPRISES LLC,BEEPAT ENTERPRISES LLC,9082
87,464 SW PORT ST LUCIE BLVD STE,EIG208306407,03/15/2022,BEEPAT ENTERPRISES LLC,BEEPAT ENTERPRISES LLC,9082
88,15860 W PARK LN,WC201971218,03/28/2022,BEST INDUSTRIES INC,BEST INDUSTRIES INC,5535
89,7485 COMMERCIAL CIR,WC201971218,03/28/2022,BEST INDUSTRIES INC,BEST INDUSTRIES INC,5535
90,240 NW PEACOCK BLVD STE 201,01WBCPG7100,03/22/2022,BEST PRICE CRUISES,VACATION SUPERSTORE NETWORK INC,8810
91,PO BOX 880746,WC7035300,03/31/2022,BIG APPLE PIZZA,BIG APPLE PIZZA,9082
92,PO BOX 880746,WC7035300,03/31/2022,BIG APPLE PIZZA,BIG APPLE PIZZA,9082
93,PO BOX 880746,WC7035300,03/31/2022,BIG APPLE PIZZA,BIG APPLE PIZZA,9082
94,872 SW SAINT LUCIE WEST BLVD,WC7035300,03/31/2022,BIG APPLE PIZZA & PASTA,BIG APPLE PIZZA,9082
95,1310 SW BAYSHORE BLVD,WC7214300,03/31/2022,BIG APPLE PIZZA DBA,BIG APPLE PIZZA OF BAYSHORE INC,9082
96,1310 SW BAYSHORE BLVD,WC7214300,03/31/2022,BIG APPLE PIZZA OF BAYSHORE IN,BIG APPLE PIZZA OF BAYSHORE INC,9082
97,1310 SW BAYSHORE BLVD,WC7214300,03/31/2022,BIG APPLE PIZZA OF BAYSHORE INC,BIG APPLE PIZZA OF BAYSHORE INC,9082
98,1310 SW BAYSHORE BLVD,WC7214300,03/31/2022,BIG APPLE PIZZA OF BAYSHORE INC,BIG APPLE PIZZA OF BAYSHORE INC,9082
99,535 NW MERCANTILE PL STE 107,WCV0500779,03/31/2022,BLACKSTREET ENTERPRISES LLC,BLACKSTREET ENTERPRISES LLC,5606
100,1800 SE VILLAGE GREEN DR,19650563,03/08/2022,BLEDSOE ENTERPRISES LLC,BLEDSOE ENTERPRISES LLC,8293
101,9901 OKEECHOBEE RD,WCCZ51292584031,03/01/2022,BLUE GOOSE CONSTRUCTION LLC,BLUE GOOSE CONSTRUCTION LLC,6229
102,PO BOX 14709,WCCZ51292584031,03/01/2022,BLUE GOOSE CONSTRUCTION LLC,BLUE GOOSE CONSTRUCTION LLC,6229
103,375 SW RIDGECREST DR,MWC018314301,03/09/2022,BOCICOT CLEANING SERVICE LLC,BOCICOT CLEANING SERVICE LLC,9014
104,375 SW RIDGECREST DR,MWC018314301,03/09/2022,BOCICOT CLEANING SERVICE LLC,BOCICOT CLEANING SERVICE LLC,9014
105,7678 GREENBRIER CIR,WWC3515236,03/01/2022,BONTOUX INC,BONTOUX INC,8742
106,3101 INDUSTRIAL AVE,EIG451902301,03/17/2022,BOOTH MANUFACTURING CO,BOOTH MANUFACTURING CO,3179
107,3101 INDUSTRIAL AVENUE 2,EIG451902301,03/17/2022,BOOTH MANUFACTURING CO,BOOTH MANUFACTURING CO,3179
108,2310 SWEETWATER DR,AWC1163790,03/16/2022,BRADSHAW PLUMBING INC,BRADSHAW PLUMBING INC,5183
109,2310 SWEETWATER DRIVE,AWC1163790,03/16/2022,BRADSHAW PLUMBING INC,BRADSHAW PLUMBING INC,5183
110,2310 SWEETWATER DR,AWC1163790,03/16/2022,BRADSHAW PLUMBING INC,J B CONCEPTS INC,5183
111,2310 SWEETWATER DRIVE,AWC1163790,03/16/2022,BRADSHAW PLUMBING INC,J B CONCEPTS INC,5183
112,1726 SE BERKSHIRE BLVD,22WBCCQ1348,03/28/2022,BREAKFRONT SOFTWARE LLC,BREAKFRONT SOFTWARE LLC,8810
113,392 E MIDWAY RD,WC021533402,03/01/2022,BRENNER OIL GROUP INC,BRENNER OIL GROUP INC,7380
114,218 NW PLEASANT GROVE WAY,WC01000001021,03/01/2022,BUILDING FACTOR LLC,BUILDING FACTOR LLC,7219
115,2401 W MIDWAY RD,6FR13UB6G44473921,03/28/2022,BURTON PLASTERING INC,BURTON PLASTERING INC,5022
116,305 E EASY ST,6FR13UB6G44473921,03/28/2022,BURTON PLASTERING INC,BURTON PLASTERING INC,5022
117,534 NW MERCANTILE PL,10661353,03/20/2022,BUTLER LIFT TRUCK SERVICE,BUTLER LIFT TRUCK SERVICE,3724
118,534 NW MERCANTILE PL,10661353,03/20/2022,BUTLER OFFICE SUPPORT SERVICES INC,BUTLER OFFICE SUPPORT SERVICES INC,3724
119,534 NW MERCANTILE PL,10661353,03/20/2022,BUTLER OFFICE SUPPORT SERVICES INC,BUTLER OFFICE SUPPORT SERVICES INC,3724
120,1774 SE DUMA TER,TWC3953288,03/27/2022,C & V POOL CONTRACTORS LLC,C & V POOL CONTRACTORS LLC,5183
121,1774 SE DUMA TER,TWC3953288,03/27/2022,C & V POOL CONTRACTORS LLC,C & V POOL CONTRACTORS LLC,5183
122,1774 SE DUMA TER,TWC3953288,03/27/2022,C & V POOL CONTRACTORS LLC,C & V POOL CONTRACTORS LLC,5183
123,207 RAMIE LN,NHFL0085412021,03/09/2022,C J H FLOORING INC,C J H FLOORING INC,5478
124,207 RAMIE LN,NHFL0085412021,03/09/2022,C J H FLOORING INC,C J H FLOORING INC,5478
125,525 NW LAKE WHITNEY PL STE 202,MWC31536321,03/01/2022,CAMPBELL PROPERTY MANAGEMENT & REAL ESTATE INC,CAMPBELL PROPERTY MANAGEMENT & REAL ESTATE INC,9012
126,3771 SE JENNINGS RD,WC016393123,03/31/2022,CAPSTAR RADIO OPERATING CO,CAPSTAR RADIO OPERATING CO,7610
127,229 SW PORT ST LUCIE BLVD,CAWC277047,03/31/2022,CAR WASH PARTNERS INC,CAR WASH PARTNERS INC,8380
128,9200 US 1,CAWC277047,03/31/2022,CAR WASH PARTNERS INC,CAR WASH PARTNERS INC,8380
129,561 NW LAKE WHITNEY PL STE 103,WWC3516247,03/31/2022,CARDIOLOGY ASSOCIATES OF STUART PA,CARDIOLOGY ASSOCIATES OF STUART PA,8832
130,445 SW SAGINAW AVE,WC838419522,03/01/2022,CBRE INC,CBRE INC,9012
131,5366 NW NORTH LANETT CIR,WC838419522,03/01/2022,CBRE INC,CBRE INC,9012
132,11675 SW TOM MACKIE BLVD,WC585006083,03/25/2022,CEFCO USA DBA,CEFCO USA DBA,8010
133,655 NW ENTERPRISE DR,WC585006083,03/25/2022,CEFCO USA DBA,CEFCO USA DBA,8010
134,11675 SW TOM MACKIE BLVD,WC585006083,03/25/2022,CENTAUR MANUFACTURING DBA,CENTAUR MANUFACTURING DBA,8010
135,655 NW ENTERPRISE DR,WC585006083,03/25/2022,CENTAUR MANUFACTURING DBA,CENTAUR MANUFACTURING DBA,8010
136,131 SW PORT ST LUCIE BLVD,10664058,03/08/2022,CENTRAL FLORIDA PEDIATRIC INTENSIVE CARE SPECIALISTS LLC,CENTRAL FLORIDA PEDIATRIC INTENSIVE CARE SPECIALISTS LLC,8832
137,1333 SW GATLIN BLVD,76WEGAK7DWP,03/08/2022,CHECKS 2 DINERO,COASTAL BOUND LLC,8810
138,835 EDWARDS RD,52118083,03/29/2022,CHEMICAL INJECTION TECHNOLOGIES INC,CHEMICAL INJECTION TECHNOLOGIES INC,3685
139,1810 SW DAY ST,TWC3965567,03/19/2022,CHICANOS BEST DRYWALL INC,CHICANOS BEST DRYWALL INC,5445
140,1810 SW DAY ST,TWC3965567,03/19/2022,CHICANOS BEST DRYWALL INC,CHICANOS BEST DRYWALL INC,5445
141,3243 SW PORT ST LUCIE BLVD,AWC1163394,03/21/2022,CHINA TOWN CHINESE RESTAURANT DBA,LUCKY STAR INC,9082
142,11675 SW TOM MACKIE BLVD,WC585006083,03/25/2022,CITY ELECTRIC SUPPLY CO,CITY ELECTRIC SUPPLY CO,8010
143,655 NW ENTERPRISE DR,WC585006083,03/25/2022,CITY ELECTRIC SUPPLY CO,CITY ELECTRIC SUPPLY CO,8010
144,11675 SW TOM MACKIE BLVD,WC585006083,03/25/2022,CITY ELECTRIC SUPPLY CO,CITY ELECTRIC SUPPLY CO INC,8010
145,655 NW ENTERPRISE DR,WC585006083,03/25/2022,CITY ELECTRIC SUPPLY CO,CITY ELECTRIC SUPPLY CO INC,8010
146,5818 PINETREE DR,52119506,03/30/2022,CIUFO LAWN & LANDSCAPE SERVICES LLC,CIUFO LAWN & LANDSCAPE SERVICES LLC,9102
147,528 NW ENTERPRISE DR,WC0100068123,03/26/2022,CLASSIC FLOORS FERRAZZANO DBA,CLASSIC FLOORS FERRAZZANO DBA,5606
148,1333 SW GATLIN BLVD,76WEGAK7DWP,03/08/2022,COASTAL BOUND LLC,COASTAL BOUND LLC,8810
149,8532 S US HIGHWAY 1,TWC3965920,03/22/2022,COASTAL DEVELOPMENT CORP,COASTAL DEVELOPMENT CORP,5348
150,8532 S US HIGHWAY 1,TWC3965920,03/22/2022,COASTAL DEVELOPMENT CORP,COASTAL DEVELOPMENT CORP,5348
151,1913 SW SOUTH MACEDO BLVD,AWC1163200,03/30/2022,COASTAL PEST CONTROL OF THE TREASURE COAST INC,COASTAL PEST CONTROL OF THE TREASURE COAST INC,9014
152,588 NW MERCANTILE PL,AWC1163200,03/30/2022,COASTAL PEST CONTROL OF THE TREASURE COAST INC,COASTAL PEST CONTROL OF THE TREASURE COAST INC,9014
153,6909 LTC PKWY,AWC1163200,03/30/2022,COASTAL PEST CONTROL OF THE TREASURE COAST INC,COASTAL PEST CONTROL OF THE TREASURE COAST INC,9014
154,PO BOX 882136,AWC1163200,03/30/2022,COASTAL PEST CONTROL OF THE TREASURE COAST INC,COASTAL PEST CONTROL OF THE TREASURE COAST INC,9014
155,1501 SW BILTMORE ST,83039007,03/10/2022,COMFORT CONTROL SERVICES INC,COMFORT CONTROL SERVICES INC,5190
156,1507 SW BILTMORE ST,83039007,03/10/2022,COMFORT CONTROL SERVICES INC,COMFORT CONTROL SERVICES INC,5190
157,2631 SE TROPICAL EAST CIR,WHVA24617608,03/10/2022,COMPRESSOR ENERGY SERVICES LLC,COMPRESSOR ENERGY SERVICES LLC,8603
158,10019 PERFECT DR BLDG I # 1003,WC616622282,03/24/2022,CONDO ASSN OF GOLF VILLAS II INC,CONDO ASSN OF GOLF VILLAS II INC,9015
159,10035 PERFECT DR BLDG H # 1004,WC616622282,03/24/2022,CONDO ASSN OF GOLF VILLAS II INC,CONDO ASSN OF GOLF VILLAS II INC,9015
160,10051 PERFECT DR # 10065,WC616622282,03/24/2022,CONDO ASSN OF GOLF VILLAS II INC,CONDO ASSN OF GOLF VILLAS II INC,9015
161,10067 PERFECT DR BLDG F,WC616622282,03/24/2022,CONDO ASSN OF GOLF VILLAS II INC,CONDO ASSN OF GOLF VILLAS II INC,9015
162,9801 PERFECT DR,WC616622282,03/24/2022,CONDO ASSN OF GOLF VILLAS II INC,CONDO ASSN OF GOLF VILLAS II INC,9015
163,9801 PERFECT DR,WC616622282,03/24/2022,CONDO ASSN OF GOLF VILLAS II INC,CONDO ASSN OF GOLF VILLAS II INC,9015
164,9811 PERFECT DR BLDG S # 9825,WC616622282,03/24/2022,CONDO ASSN OF GOLF VILLAS II INC,CONDO ASSN OF GOLF VILLAS II INC,9015
165,9827 PERFECT DR BLDG R # 9849,WC616622282,03/24/2022,CONDO ASSN OF GOLF VILLAS II INC,CONDO ASSN OF GOLF VILLAS II INC,9015
166,9851 PERFECT DR BLDG P # 9873,WC616622282,03/24/2022,CONDO ASSN OF GOLF VILLAS II INC,CONDO ASSN OF GOLF VILLAS II INC,9015
167,9875 PERFECT DR BLDG N # 9897,WC616622282,03/24/2022,CONDO ASSN OF GOLF VILLAS II INC,CONDO ASSN OF GOLF VILLAS II INC,9015
168,9899 PERFECT DR BLDG M # 9913,WC616622282,03/24/2022,CONDO ASSN OF GOLF VILLAS II INC,CONDO ASSN OF GOLF VILLAS II INC,9015
169,9915 PERFECT DR BLDG 9929,WC616622282,03/24/2022,CONDO ASSN OF GOLF VILLAS II INC,CONDO ASSN OF GOLF VILLAS II INC,9015
170,9931 PERFECT DR BLDG O # 9945,WC616622282,03/24/2022,CONDO ASSN OF GOLF VILLAS II INC,CONDO ASSN OF GOLF VILLAS II INC,9015
171,9947 PERFECT DR BLDG Q # 9969,WC616622282,03/24/2022,CONDO ASSN OF GOLF VILLAS II INC,CONDO ASSN OF GOLF VILLAS II INC,9015
172,9971 PERFECT DR BLDG 9993,WC616622282,03/24/2022,CONDO ASSN OF GOLF VILLAS II INC,CONDO ASSN OF GOLF VILLAS II INC,9015
173,9995 PERFECT DR BLDG J # 10017,WC616622282,03/24/2022,CONDO ASSN OF GOLF VILLAS II INC,CONDO ASSN OF GOLF VILLAS II INC,9015
174,2101 NW SETTLE AVE,WC3703374,03/01/2022,CONE & GRAHAM INC,CONE & GRAHAM INC,5507
175,2132 NW SETTLE AVE,WC3703374,03/01/2022,CONE & GRAHAM INC,CONE & GRAHAM INC,5507
176,2835 REYNOLDS DR,WC3703374,03/01/2022,CONE & GRAHAM INC,CONE & GRAHAM INC,5507
177,3614 OKEECHOBEE RD,WC3703374,03/01/2022,CONE & GRAHAM INC,CONE & GRAHAM INC,5507
178,3245 OKEECHOBEE RD,AWC1163218,03/21/2022,CONTRACTOR SUPPLY STORE INC,CONTRACTOR SUPPLY STORE INC,8393
179,6925 LTC PKWY,AWC1163218,03/21/2022,CONTRACTOR SUPPLY STORE INC,CONTRACTOR SUPPLY STORE INC,8393
180,380 SW PRIMA VISTA BLVD,52040402,03/21/2022,CORNERSTONE PEDIATRIC,CORNERSTONE PEDIATRIC,8832
181,PO BOX 881027,52040402,03/21/2022,CORNERSTONE PEDIATRIC,CORNERSTONE PEDIATRIC,8832
182,319 SW NORTH QUICK CIR,83WECAF4PR8,03/01/2022,CPT NETWORK SOLUTIONS INC,CPT NETWORK SOLUTIONS INC,8871
183,1581 BOW LINE RD,83WBGAE9FHE,03/23/2022,CREDIT UNION MORTGAGE ASSN CUMA,CREDIT UNION MORTGAGE ASSN CUMA,8855
184,10000 SW INNOVATION WAY,WC84000239752021A,03/02/2022,CRITICAL CARE NEWBORN SERVICES,CRITICAL CARE NEWBORN SERVICES,8832
185,10521 SW VILLAGE CENTER DR STE,WC84000239752021A,03/02/2022,CRITICAL CARE NEWBORN SERVICES,CRITICAL CARE NEWBORN SERVICES,8832
186,1001 WHEELER TER,C68954149,03/01/2022,CROSSROADS USA INC,TRINET HR II HOLDINGS INC,8832
187,8611 S US HIGHWAY 1 # 8663,UB5P30154A2114G,03/01/2022,CROWNE ST LUCIE ASSOC LP,CROWNE PARTNERS INC,9012
188,8611 S US HIGHWAY 1 # 8663,UB5P30154A2114G,03/01/2022,CROWNE ST LUCIE LLC,CROWNE PARTNERS INC,9012
189,10688 SW VILLAGE PKWY,21WECAB2HPB,03/01/2022,CRT CLIPS LLC DBA GREAT CLIPS,CRT CLIPS LLC DBA GREAT CLIPS,9586
190,1707 NW PORT ST LUCIE W,21WECAB2HPB,03/01/2022,CRT CLIPS LLC DBA GREAT CLIPS,CRT CLIPS LLC DBA GREAT CLIPS,9586
191,289 SW PORT ST LUCIE BLVD,21WECAB2HPB,03/01/2022,CRT CLIPS LLC DBA GREAT CLIPS,CRT CLIPS LLC DBA GREAT CLIPS,9586
192,10117 S US HIGHWAY 1,52060978,03/04/2022,CTFLO LLC,CTFLO LLC,8044
193,1650 SE VILLAGE GREEN DR,651097,03/01/2022,CUSTOM COLORS PAINT & BODY INC,CUSTOM COLORS PAINT & BODY INC,8393
194,1650 SE VILLAGE GREEN DR,651097,03/01/2022,CUSTOM COLORS PAINT & BODY INC,CUSTOM COLORS PAINT & BODY INC,8393
195,1650 SE VILLAGE GREEN DR,651097,03/01/2022,CUSTOM COLORS PAINT & BODY INC,CUSTOM COLORS PAINT & BODY INC,8393
196,1908 S 28TH ST,WC01000001021,03/01/2022,D&A LANDSCAPING & SOD LLC,KYMBERLY GROUP PAYROLL SOLUTIONS INC,7219
197,150 SW CHAMBER CT STE 101,98CBV5888,03/17/2022,DANIEL T HOLLEY MD PA,DANIEL T HOLLEY MD PA,8832
198,107 FISHERMANS WHARF,52061122,03/31/2022,DEBROOKS FISHING CORNER,DEBROOKS SPORTING GOODS INC,8017
199,107 FISHERMANS WHARF,52061122,03/31/2022,DEBROOKS FISHING CORNER,FISHING CENTER,8017
200,107 FISHERMANS WHARF,52061122,03/31/2022,DEBROOKS SPORTING GOODS INC,DEBROOKS SPORTING GOODS INC,8017
201,107 FISHERMANS WHARF,52061122,03/31/2022,DEBROOKS SPORTING GOODS INC,FISHING CENTER,8017
202,1312 SW BENT PINE CV,TWC3983160,03/11/2022,DECILE TEN LLC,DECILE TEN LLC,8742
203,6499 YEDRA,WC0467488,03/01/2022,DEFENSE INVESTIGATORS GROUP INC,DEFENSE INVESTIGATORS GROUP INC,7720
204,514 SE PORT ST LUCIE BLVD,UB5N5138772142V,03/20/2022,DELO MEDICAL ASSOC DBA,LINDA F DELO DO PA,8832
205,11675 SW TOM MACKIE BLVD,WC585006083,03/25/2022,DELUCE LIGHTING DBA,DELUCE LIGHTING DBA,8010
206,655 NW ENTERPRISE DR,WC585006083,03/25/2022,DELUCE LIGHTING DBA,DELUCE LIGHTING DBA,8010
207,518 SARA BLVD,DEWC295936,03/11/2022,DEROCHER CONSTRUCTION LLC,DEROCHER CONSTRUCTION LLC,5437
208,773 SW BOND RD,DEWC295936,03/11/2022,DEROCHER CONSTRUCTION LLC,DEROCHER CONSTRUCTION LLC,5437
209,773 SW BOND RD,DEWC295936,03/11/2022,DEROCHER CONSTRUCTION LLC,DEROCHER CONSTRUCTION LLC,5437
210,324 SW SAGINAW AVE,10267,03/03/2022,DESI EXPRESS INC,DESI EXPRESS INC,9519
211,544 SW BAYSHORE BLVD,TWC3954877,03/01/2022,DIXSAN INC,DIXSAN INC,8380
212,10920 KIMBERFYLD LN,UB2N8688552142G,03/01/2022,DOCKYARD INC,DOCKYARD INC,8803
213,300 SE PORT ST LUCIE BLVD,739422,03/17/2022,DOMINO'S PIZZA,DOMINO'S PIZZA,9083
214,300 SE PORT ST LUCIE BLVD,739422,03/17/2022,DOMINO'S PIZZA,DOMINO'S PIZZA,9083
215,1305 W 1ST ST,TWC3952241,03/10/2022,DON GREEN ELECTRIC LLC,DON GREEN ELECTRIC LLC,5190
216,1305 W. 1ST. STREET,TWC3952241,03/10/2022,DON GREEN ELECTRIC LLC,DON GREEN ELECTRIC LLC,5190
217,1090 VIRGINIA AVE,03178272630564,03/13/2022,DPM PA DBA TREASURE COAST PODIATRY,DPM PA DBA TREASURE COAST PODIATRY,8832
218,1095 NW SAINT LUCIE WEST BLVD,03178272630564,03/13/2022,DPM PA DBA TREASURE COAST PODIATRY,DPM PA DBA TREASURE COAST PODIATRY,8832
219,1090 VIRGINIA AVE,03178272630564,03/13/2022,DPM PA DBA TREASURE COAST PODIATRY,PAUL N GOTKIN DPM & DAVID GUBERNICK,8832
220,10571 SW KELSEY WAY,XWS2259576782,03/11/2022,DUFFY SALERNO INC,DUFFY SALERNO INC,8868
221,1707 NW SAINT LUCIE WEST BLVD,XWS2259576782,03/11/2022,DUFFY SALERNO INC,DUFFY SALERNO INC,8868
222,8007 LAKESIDE WAY,AWC1163736,03/30/2022,DURFEE'S HEATING & COOLING LLC,DURFEE'S HEATING & COOLING LLC,5537
223,8007 LAKESIDE WAY,AWC1163736,03/30/2022,DURFEE'S HEATING & COOLING LLC,DURFEE'S HEATING & COOLING LLC,5537
224,1006 JAMAICA AVE,EAWC225004,03/02/2022,E & J POOLS INC,E & J POOLS INC,5221
225,130 S INDIAN RIVER DR STE 202,EAWC225004,03/02/2022,E & J POOLS INC,E & J POOLS INC,5221
226,3251 HATCHER ST,XWS2256896473,03/24/2022,EAST COAST APARIES LLC 743 0019,EAST COAST APARIES LLC 743 0019,34
227,5285 SAINT LUCIE BLVD,AWC1166998,03/31/2022,EAST COAST TRUSS DBA,EAST COAST TRUSS DBA,2802
228,1308 ZEPHYR AVE,TWC3965267,03/16/2022,EAV CONCRETE INC,EAV CONCRETE INC,5221
229,474 PENINSULA DR,WC01000001021,03/01/2022,EKOR WELDING & FABRICATION LLC,KYMBERLY GROUP PAYROLL SOLUTIONS INC,7219
230,5512 LA SALLE STREET APT B,WC01000001021,03/01/2022,ELEGANT SECURITY LLC,KYMBERLY GROUP PAYROLL SOLUTIONS INC,7219
231,2403 S 25TH ST OFC,WC501439806,03/02/2022,ELON PROPERTY MANAGEMENT COMPANY,ELON PROPERTY MANAGEMENT COMPANY,9012
232,4591 WHISPERING PINES LN,WC501439806,03/02/2022,ELON PROPERTY MANAGEMENT COMPANY,ELON PROPERTY MANAGEMENT COMPANY,9012
233,5120 TURNPIKE FEEDER RD,52101805,03/29/2022,EMILIO MARTINEZ D D S P A,EMILIO MARTINEZ D D S P A,8832
234,1271 SE PALM BEACH RD,72WECAA3VVH,03/01/2022,ENERGY EXEMPLAR LLC EPIS LLC,ENERGY EXEMPLAR LLC EPIS LLC,8803
235,545 NW MERCANTILE PL STE 116,WC6Z51293008031,03/01/2022,ENGINEERED AIR LLC,ENGINEERED AIR LLC,5537
236,2852 SE PINE VALLEY ST,WC424068005,03/01/2022,ENTERPRISE EVENTS GROUP INC,ENTERPRISE EVENTS GROUP INC,8810
237,709 NW BRISTOL ST,WC01000001021,03/01/2022,ENVIRONMENTAL SERVICES & LOGISTICS INC,ENVIRONMENTAL SERVICES & LOGISTICS INC,7219
238,110 NW BAYCREST CT,WC431479659,03/06/2022,ESLIDE LLC,ESLIDE LLC,8810
239,6425 NW REGAL CIR,83047547,03/14/2022,ESQUIVEL BROTHERS CONCRETE INC,ESQUIVEL BROTHERS CONCRETE INC,5221
240,6425 NW REGAL CIR,83047547,03/14/2022,ESQUIVEL BROTHERS CONCRETE INC,ESQUIVEL BROTHERS CONCRETE INC,5221
241,1276 SW CALIFORNIA BLVD,GRWC203095,03/23/2022,ESTELLAS PIZZERIA TA,GRANDY LLC,9082
242,2941 SE SOUTH LOOKOUT BLVD,WCV0122105,03/05/2022,EUROTECH INC,EUROTECH INC,5445
243,401 SE VERADA AVE,WCV0122105,03/05/2022,EUROTECH INC,EUROTECH INC,5445
244,2941 SE SOUTH LOOKOUT BLVD,WCV0122105,03/05/2022,EUROTECH INC,EUROTECH INC.,5445
245,401 SE VERADA AVE,WCV0122105,03/05/2022,EUROTECH INC,EUROTECH INC.,5445
246,10611 PINE NEEDLE DR,WC01000001021,03/01/2022,EXPERT BUILDING SERVICES LLC DBA EXP TOWING,KYMBERLY GROUP PAYROLL SOLUTIONS INC,7219
247,706 S US HIGHWAY 1,MWC012427104,03/01/2022,FAITELLA ENTERPRISE INC DBA THE PAINT HOUSE,FAITELLA ENTERPRISE INC DBA THE PAINT HOUSE,8010
248,430 NW LAKE WHITNEY PL,Z135774403,03/25/2022,FALCON TRACE HOMEOWNERS ASSN INC,FALCON TRACE HOMEOWNERS ASSN INC,9015
249,873 SW SOUTH MACEDO BLVD,TWC3953173,03/29/2022,FAMILY POOLS INC,FAMILY POOLS INC,5223
250,873 SW SOUTH MACEDO BLVD,TWC3953173,03/29/2022,FAMILY POOLS INC,FAMILY POOLS INC,5223
251,584 NW UNIVERSITY BLVD STE 708,WC080756268,03/01/2022,FAMOSO INC,FAMOSO INC,9410
252,2550 NORTH US 1,AWC1163739,03/06/2022,FASCO EPOXIES INC,FASCO EPOXIES INC,4653
253,3048 INDUSTRIAL 33RD ST STE 1,AWC1163739,03/06/2022,FASCO EPOXIES INC,FASCO EPOXIES INC,4653
254,2701 INDUSTRIAL AVENUE 2,52030267,03/05/2022,FAUX EFFECTS INTERNATIONAL INC,FAUX EFFECTS INTERNATIONAL INC,4558
255,1500 SE ROYAL GREEN CIR APT A2,FEWC213340,03/14/2022,FENCES BY CASH LLC,FENCES BY CASH LLC,6400
256,1772 SE DURANGO ST,FEWC213340,03/14/2022,FENCES BY CASH LLC,FENCES BY CASH LLC,6400
257,1772 SE DURANGO ST,FEWC213340,03/14/2022,FENCES BY CASH LLC,FENCES BY CASH LLC,6400
258,2550 NORTH US 1,AWC1163548,03/06/2022,FIBERGLASS SUPPLY DEPOT INC,FIBERGLASS SUPPLY DEPOT INC,8017
259,10807 SW WEST PARK AVE,UB8M6749602142G,03/04/2022,FIELD COMPONENTS INC,FIELD COMPONENTS INC,8810
260,611 GARDENIA AVE,TWC3952666,03/12/2022,FIRST CHURCH OF THE NAZARENE FORT PIERCE FL INC,FIRST CHURCH OF THE NAZARENE FORT PIERCE FL INC,8868
261,611 GARDENIA AVE,TWC3952666,03/12/2022,FIRST CHURCH OF THE NAZARENE FORT PIERCE FL INC,FIRST CHURCH OF THE NAZARENE FORT PIERCE FL INC,8868
262,10762 SW VILLAGE PKWY,WC008104205,03/01/2022,FIVE BELOW INC,FIVE BELOW INC,8017
263,2042 SW PROVIDENCE PL,WC01000001021,03/01/2022,FJRP SERVICES LLC,FJRP SERVICES LLC,7219
264,601 S 33RD ST,EIG472310100,03/01/2022,FL DIST APOSTOLIC ASSEMBLY OF,FL DIST APOSTOLIC ASSEMBLY OF,8868
265,10380 SW VILLAGE CENTER DR # 1,WC01000001021,03/01/2022,FLORIDA VIDEO TECHNOLOGIES INC,FLORIDA VIDEO TECHNOLOGIES INC,7219
266,440 NW PEACOCK BLVD,WC565252203,03/01/2022,FLYING PANDA PSL,CIRCUSTRIX HOLDINGS LLC,9016
267,12604 SW CATTLEYA LN,UB0S4150252142G,03/19/2022,FP SOLUTIONS RI LLC,FP SOLUTIONS RI LLC,8810
268,1230 SE INDUSTRIAL BLVD,AWC1163504,03/16/2022,FRADONNA ENTERPRISES INC,A & A SUPPLY CO,8018
269,1230 SE INDUSTRIAL BLVD,AWC1163504,03/16/2022,FRADONNA ENTERPRISES INC,A & A SUPPLY CO,8018
270,1230 SE INDUSTRIAL BLVD,AWC1163504,03/16/2022,FRADONNA ENTERPRISES INC,FRADONNA ENTERPRISES INC,8018
271,1230 SE INDUSTRIAL BLVD,AWC1163504,03/16/2022,FRADONNA ENTERPRISES INC,FRADONNA ENTERPRISES INC,8018
272,213 BEACH AVE,FRWC215410,03/01/2022,FREDDY MEGAWATT LLC,FREDDY MEGAWATT LLC,5190
273,1679 NW ST LUCIE BLVD # 1689,WC714706418,03/08/2022,FRONTIER BUILDING CORP,FRONTIER BUILDING CORP,5606
274,1679 NW ST LUCIE BLVD # 1689,WC714706418,03/08/2022,FRONTIER BUILDING CORP,FRONTIER BUILDING CORP.,5606
275,266 NW PEACOCK BLVD,UB3K60143A2142G,03/01/2022,FUSION SALON & SPA LLC,FUSION SALON & SPA LLC,9586
276,266 NW PEACOCK BLVD STE 105,UB3K60143A2142G,03/01/2022,FUSION SALON & SPA LLC,FUSION SALON & SPA LLC,9586
277,266 NW PEACOCK BLVD STE 105,UB3K60143A2142G,03/01/2022,FUSION SALON & SPA LLC,FUSION SALON & SPA LLC,9586
278,419 SW SWEETWATER TRL,FUWC214399,03/13/2022,FUTURE CONCEPTS CONSTRUCTION CORP,FUTURE CONCEPTS CONSTRUCTION CORP,5437
279,419 SW SWEETWATER TRL,FUWC214399,03/13/2022,FUTURE CONCEPTS CONSTRUCTION CORP,FUTURE CONCEPTS CONSTRUCTION CORP,5437
280,6601 S US HIGHWAY 1,MWC31306121,03/01/2022,FUTURE ENERGY FLORIDA INC,FUTURE ENERGY FLORIDA INC,8006
281,2889 SE NANCE ST,MWC010847305,03/10/2022,G & C PEST CONTROL INC,G & C PEST CONTROL INC,9014
282,5794 NW DUBLIN DR,MWC010847305,03/10/2022,G & C PEST CONTROL INC,G & C PEST CONTROL INC,9014
283,5794 NW DUBLIN DR,MWC010847305,03/10/2022,G & C PEST CONTROL INC,G & C PEST CONTROL INC,9014
284,2072 SW DRIFTWOOD ST,WWC3516114,03/27/2022,G&S SYSTEMS INC,G&S SYSTEMS INC,9519
285,2072 SW DRIFTWOOD ST,WWC3516114,03/27/2022,G&S SYSTEMS INC,G&S SYSTEMS INC,9519
286,658 SW ABRAHAM AVE,WC01000001021,03/01/2022,GABRIEL VELOZ TRUCKING INC,KYMBERLY GROUP PAYROLL SOLUTIONS INC,7219
287,5255 S US HIGHWAY 1,MWC31260121,03/01/2022,GARBER FT PIERCE INC DBA GARBER BUICK GMC OF FT PIERCE,GARBER MANAGEMENT GROUP INC,8380
288,160 SW SOUTH WAKEFIELD CIR,WCV0282524,03/27/2022,GARDINI FLOORING CORP,GARDINI FLOORING CORP,5348
289,2161 SE WATERCREST ST,WCV0282524,03/27/2022,GARDINI FLOORING CORP,GARDINI FLOORING CORP,5348
290,160 SW SOUTH WAKEFIELD CIR,WCV0282524,03/27/2022,GARDINI FLOORING CORP,"GARDINI FLOORING, CORP.",5348
291,2161 SE WATERCREST ST,WCV0282524,03/27/2022,GARDINI FLOORING CORP,"GARDINI FLOORING, CORP.",5348
292,560 NW ENTERPRISE DR,WC039251935,03/01/2022,GERELCO ELECTRICAL CONTRACTORS INC,GERELCO ELECTRICAL CONTRACTORS INC,5190
293,560 NW ENTERPRISE DR,WC039252419,03/01/2022,GERELCOM INC,GERELCOM INC,7605
294,560 NW ENTERPRISE DR,WC039252419,03/01/2022,GERELCOM INC,GERELCOM INC,7605
295,136 NW WILLOW GROVE AVE,GIWC240856,03/16/2022,GIOS PIZZA INC,GIOS PIZZA INC,9082
296,136 NW WILLOW GROVE AVE,GIWC240856,03/16/2022,GIOS PIZZA INC,GIOS PIZZA INC,9082
297,3311 INDUSTRIAL 25TH ST,WFL505962600,03/01/2022,GLOMASTER SIGN CO INC,GLOMASTER SIGN CO INC,9554
298,4141 BANDY BLVD,WFL505962600,03/01/2022,GLOMASTER SIGN CO INC,GLOMASTER SIGN CO INC,9554
299,5295 NW N MACEDO BLVD.,XWS2259537240,03/03/2022,GNA COLOUR CONCEPTS INC,GNA COLOUR CONCEPTS INC,5474
300,5295 NW NORTH MACEDO BLVD,XWS2259537240,03/03/2022,GNA COLOUR CONCEPTS INC,GNA COLOUR CONCEPTS INC,5474
301,5295 NW NORTH MACEDO BLVD,XWS2259537240,03/03/2022,GNA COLOUR CONCEPTS INC,GNA COLOUR CONCEPTS INC,5474
302,6745 N OLD DIXIE HWY,WC0100069259,03/31/2022,GOLF CARTS OF VERO BEACH DBA,GOLF CARTS OF VERO BEACH DBA,8380
303,5701 DEER RUN DR STE 5787,Z136576602,03/14/2022,GOLF LAKE VILLAS ASSN INC,GOLF LAKE VILLAS ASSN INC,9015
304,2511 OKEECHOBEE RD,C67810466,03/20/2022,GPM INVESTMENTS LLC,GPM INVESTMENTS LLC,8006
305,6602 MIDWAY RD,C67810466,03/20/2022,GPM INVESTMENTS LLC,GPM INVESTMENTS LLC,8006
306,144 SW DALTON CIR,MWC009251106,03/23/2022,GRANA ELECTRIC & AIR CONDITIONING INC,GRANA ELECTRIC & AIR CONDITIONING INC,5537
307,144 SW DALTON CIRCLE,MWC009251106,03/23/2022,GRANA ELECTRIC & AIR CONDITIONING INC,GRANA ELECTRIC & AIR CONDITIONING INC,5537
308,3073 SW ANN ARBOR RD,MWC009251106,03/23/2022,GRANA ELECTRIC & AIR CONDITIONING INC,GRANA ELECTRIC & AIR CONDITIONING INC,5537
309,3073 SW ANN ARBOR RD,MWC009251106,03/23/2022,GRANA ELECTRIC & AIR CONDITIONING INC,GRANA ELECTRIC & AIR CONDITIONING INC,5537
310,1276 SW CALIFORNIA BLVD,GRWC203095,03/23/2022,GRANDY LLC,GRANDY LLC,9082
311,1276 SW CALIFORNIA BLVD,GRWC203095,03/23/2022,GRANDY LLC,GRANDY LLC,9082
312,1276 SW CALIFORNIA BLVD,GRWC203095,03/23/2022,GRANDY LLC,GRANDY LLC,9082
313,2249 SE W BLACK WALL DR,10661266,03/06/2022,GREB SERVICES INC,GREB SERVICES INC,5445
314,3054 N US HIGHWAY 1,WC84000347312021A,03/05/2022,GRIMES HEATING & AIR CONDITIONING,GRIMES HEATING & AIR CONDITIONING,5537
315,1673 SE SOUTH NIEMEYER CIR,6FR13UB6G46840021,03/12/2022,GRIND HARD AMMO & DBA,GRIND HARD HOLDINGS LLC,4771
316,1673 SE SOUTH NIEMEYER CIR,6FR13UB6G46840021,03/12/2022,GRIND HARD AMMO LLC,GRIND HARD HOLDINGS LLC,4771
317,1673 SE SOUTH NIEMEYER CIR,6FR13UB6G46840021,03/12/2022,GRIND HARD HOLDINGS LLC,GRIND HARD HOLDINGS LLC,4771
318,1673 SE SOUTH NIEMEYER CIR,6FR13UB6G46840021,03/12/2022,GRIND HARD HOLDINGS LLC,GRIND HARD HOLDINGS LLC,4771
319,511 SW PORT ST LUCIE BLVD,WCV0018806,03/01/2022,GROZA BUILDERS INC,GROZA BUILDERS INC,5606
320,511 SW PORT ST LUCIE BLVD,WCV0018806,03/01/2022,GROZA BUILDERS INC,GROZA BUILDERS INC,5606
321,511 SW PORT ST LUCIE BLVD,WCV0018806,03/01/2022,GROZA INVESTMENTS LLC,GROZA INVESTMENTS LLC,5606
322,511 SW PORT ST LUCIE BLVD,WCV0018806,03/01/2022,GROZA REAL ESTATE CO,GROZA REAL ESTATE CO,5606
323,1200 OAK AVE,WC01000001021,03/01/2022,GUTTERS & SHUTTERS 804,KYMBERLY GROUP PAYROLL SOLUTIONS INC,7219
324,1820 SW ALEDO LN,WC01000001021,03/01/2022,GVS CLEANING SERVICES LLC,KYMBERLY GROUP PAYROLL SOLUTIONS INC,7219
325,1921 AVENUE D,NHFL0143342021,03/10/2022,H ALAN WELLES REAL ESTATE LLC,H ALAN WELLES REAL ESTATE LLC,8017
326,6A HARBOUR ISLE DR E,Z137578501,03/31/2022,HARBOUR ISLE AT HUTCHINSON ISLAND EAST COA INC,HARBOUR ISLE AT HUTCHINSON ISLAND EAST COA INC,9015
327,6A HARBOUR ISLE DR E,2021010988881Y,03/31/2022,HARBOUR ISLE AT HUTCHINSON ISLAND EAST CONDOMINIUM ASSN INC,HARBOUR ISLE AT HUTCHINSON ISLAND EAST CONDOMINIUM ASSN INC,9015
328,HARBOUR ISLE DRIVE EAST,2021010988881Y,03/31/2022,HARBOUR ISLE AT HUTCHINSON ISLAND EAST CONDOMINIUM ASSN INC,HARBOUR ISLE AT HUTCHINSON ISLAND EAST CONDOMINIUM ASSN INC,9015
329,3521 ELEVEN MILE RD,WCN09006701221,03/31/2022,HAYS HARVESTING INC,HAYS HARVESTING INC,173
330,3245 OKEECHOBEE RD,WC065885733,03/01/2022,HD SUPPLY MANAGEMENT INC,HD SUPPLY MANAGEMENT INC,8018
331,7374 COMMERCIAL CIR,WC065885733,03/01/2022,HD SUPPLY MANAGEMENT INC,HD SUPPLY MANAGEMENT INC,8018
332,117 QUEEN EUGENIA CT,19652558,03/01/2022,HEALTHY HARVEST FARMS LLC,HEALTHY HARVEST FARMS LLC,37
333,PO BOX 2359,19652558,03/01/2022,HEALTHY HARVEST FARMS LLC,HEALTHY HARVEST FARMS LLC,37
334,4250 N HIGHWAY A1A APT 805,CSWK0000091350,03/19/2022,HEAVY EQUIPMENT REPAIR INC,HEAVY EQUIPMENT REPAIR INC,3724
335,6742 N OLD DIXIE HWY,CSWK0000091350,03/19/2022,HEAVY EQUIPMENT REPAIR INC,HEAVY EQUIPMENT REPAIR INC,3724
336,857 SW SOUTH MACEDO BLVD,LDS4060052,03/01/2022,HERITAGE LANDSCAPE SUPPLY GROUP INC,HERITAGE LANDSCAPE SUPPLY GROUP INC,8232
337,2600 S 26TH ST,HEWC281834,03/12/2022,HERNANDEZ A SERVICES LLC,HERNANDEZ A SERVICES LLC,5645
338,5902 SHANNON DR,NXTG1KA05500WC,03/11/2022,HESTER SONS CONSTRUCTION INC,HESTER SONS CONSTRUCTION INC,5645
339,723 HIGH POINT BLVD,UB6P1394612142G,03/08/2022,HIGH POINT OF FORT PIERCE CONDOMINIUM SECTION II ASSN INC,HIGH POINT OF FORT PIERCE CONDOMINIUM SECTION II ASSN INC,9012
340,6312 SPRING LAKE TERRACE,52058958,03/28/2022,HIGH TECH DUCTWERKS INC,HIGH TECH DUCTWERKS INC,5537
341,423 SW SWEETWATER TRAILE,08WECLJ8899,03/01/2022,HIGHVISTA STRATEGIES LLC,HIGHVISTA STRATEGIES LLC,8810
342,423 SW SWEETWATER TRAILE,08WECLJ8899,03/01/2022,HIGHVISTA SYSTEMATIC STRATEGIES LLC,HIGHVISTA STRATEGIES LLC,8810
343,402 N US HIGHWAY 1,C67818738,03/01/2022,HIRE QUEST LLC,HIRE QUEST LLC,5403
344,3514 OKEECHOBEE RD,WC625553326,03/08/2022,HITOWER COMMUNICATIONS LLC TA,HITOWER COMMUNICATIONS LLC TA,8017
345,4953 S US HIGHWAY 1,WC625553326,03/08/2022,HITOWER COMMUNICATIONS LLC TA,HITOWER COMMUNICATIONS LLC TA,8017
346,5212 OKEECHOBEE RD,WC625553326,03/08/2022,HITOWER COMMUNICATIONS LLC TA,HITOWER COMMUNICATIONS LLC TA,8017
347,601 ORANGE AVE,WC625553326,03/08/2022,HITOWER COMMUNICATIONS LLC TA,HITOWER COMMUNICATIONS LLC TA,8017
348,282 BRAZILIAN CIR,TWC3962843,03/01/2022,HOME BISTRO INC,HOME BISTRO INC,9083
349,2162 NW RESERVE PARK TRCE,WCV0101778,03/26/2022,HOME CRETE HOMES INC,HOME CRETE HOMES INC,5606
350,225 NW BAYSHORE BLVD,WCV0101778,03/26/2022,HOME CRETE HOMES INC,HOME CRETE HOMES INC,5606
351,2200 SW GATLIN BLVD,C67825287,03/01/2022,HOME DEPOT USA INC,HOME DEPOT USA INC,8058
352,5880 OKEECHOBEE RD,C67825287,03/01/2022,HOME DEPOT USA INC,HOME DEPOT USA INC,8058
353,700 SW SAINT LUCIE WEST BLVD,C67825287,03/01/2022,HOME DEPOT USA INC,HOME DEPOT USA INC,8058
354,430 NW LAKE WHITNEY PL,WDYH20411501,03/07/2022,HOMEOWNERS ASSN INC,HOMEOWNERS ASSN INC,9015
355,6071 NW HELMSDALE WAY,WDYH20411501,03/07/2022,HOMEOWNERS ASSN INC,HOMEOWNERS ASSN INC,9015
356,430 NW LAKE WHITNEY PL,WDYH20411501,03/07/2022,HOMEOWNERS ASSN INC,ST ANDREWS TOWNHOMES,9015
357,7463 COMMERCIAL CIR STE 110,M1274102,03/04/2022,HOORAG LLC,HOORAG LLC,8018
358,679 NW ENTERPRISE DR STE 101,MWC010945005,03/31/2022,HOP LIFE LLC,HOP LIFE LLC,2121
359,679 NW ENTERPRISE DR STE 101,MWC010945005,03/31/2022,HOP LIFE LLC,HOP LIFE LLC,2121
360,546 NW UNIVERSITY BLVD STE 202,WC01000001021,03/01/2022,HOPE LIVES FOUNDATION,KYMBERLY GROUP PAYROLL SOLUTIONS INC,7219
361,2594 SW RIVER SHORE DR,UB7K7190652114G,03/01/2022,HORIZONPSI INC,HORIZONPSI INC,3724
362,1887 SE PORT ST LUCIE BLVD,WC712722265,03/21/2022,HOSKINS & TURCO P L,HOSKINS & TURCO P L,8820
363,302 S 2ND ST,WC712722265,03/21/2022,HOSKINS & TURCO P L,HOSKINS & TURCO P L,8820
364,302 SOUTH 2ND STREET,WC712722265,03/21/2022,HOSKINS & TURCO P L,HOSKINS & TURCO P L,8820
365,302 S 2ND ST,WC712722265,03/21/2022,HOSKINS & TURCO P L DBA HOS KINS TURCO LLOYD & LLOYD,HOSKINS & TURCO P L,8820
366,7469 COMMERCIAL CIR,21WECAF4P6X,03/04/2022,HOTPIE INC,HOTPIE INC,2003
367,8890 GLADES CUT OFF RD,WC01000001021,03/01/2022,HUMANE SOCIETY OF ST LUCIE COUNTY INC,HUMANE SOCIETY OF ST LUCIE COUNTY INC,7219
368,10360 SW VILLAGE CENTER DR,76WEGKU4669,03/20/2022,IDENITY HAIR & NAILS INC,IDENITY HAIR & NAILS INC,9586
369,10360 SW VILLAGE CENTER DR,76WEGKU4669,03/20/2022,IDENITY HAIR & NAILS INC,IDENITY HAIR & NAILS INC,9586
370,3771 SE JENNINGS RD,WC016393123,03/31/2022,IHEARTMEDIA ENTERTAINMENT INC,IHEARTMEDIA ENTERTAINMENT INC,7610
371,3771 SE JENNINGS RD,WC016393123,03/31/2022,IHEARTMEDIA MANAGEMENT SERVICES INC,IHEARTMEDIA MANAGEMENT SERVICES INC,7610
372,6690 N US HIGHWAY 1,WC016393123,03/31/2022,IHEARTMEDIA MANAGEMENT SERVICES INC,IHEARTMEDIA MANAGEMENT SERVICES INC,7610
373,125 NW PLEASANT GROVE WAY,WWC3516228,03/01/2022,IMPEX BEVERAGES INC,IMPEX BEVERAGES INC,8742
374,3416 ENTERPRISE RD,83033675,03/01/2022,INDIAN RIVER INSULATION CO INC,INDIAN RIVER INSULATION CO INC,5183
375,5610 SMITH LANE,NXT0IF9EJO01WC,03/03/2022,INNOVATION CONTRACTING INC,INNOVATION CONTRACTING INC,5606
376,625 S US HIGHWAY 1,NXT0IF9EJO01WC,03/03/2022,INNOVATION CONTRACTING INC,INNOVATION CONTRACTING INC,5606
377,1800 SE VILLAGE GREEN DR,19650563,03/08/2022,INTEGRITY MOVING SERVICES INC,INTEGRITY MOVING SERVICES INC,8293
378,1600 S 3RD ST,M1108910,03/01/2022,INTERNATIONAL GOLF MAINTENANCE INC,INTERNATIONAL GOLF MAINTENANCE INC,9102
379,1600 S 3RD ST,M1108910,03/01/2022,INTERNATIONAL GOLF MAINTENANCE INC,INTERNATIONAL GOLF MANAGEMENT INC,9102
380,1270 GROSE RD,Z126560408,03/31/2022,INTERSTATE MOVING & STORAGE INC,INTERSTATE MOVING & STORAGE INC,8293
381,4892 OKEECHOBEE RD,Z126560408,03/31/2022,INTERSTATE MOVING & STORAGE INC,INTERSTATE MOVING & STORAGE INC,8293
382,8311 HOLLEY TREE TRL,Z134082305,03/03/2022,ISLAND POINT/RESERVE PROPERTY OWNERS ASSN,ISLAND POINT/RESERVE PROPERTY OWNERS ASSN,9015
383,8311 HOLLEY TREE TRL,Z134082305,03/03/2022,ISLAND POINT/RESERVE PROPERTY OWNERS ASSN,ISLAND POINT/RESERVE PROPERTY OWNERS ASSN,9015
384,8311 HOLLEY TREE TRL,Z134082305,03/03/2022,ISLAND POINT/RESERVE PROPERTY OWNERS ASSN,ISLAND POINT/RESERVE PROPERTY OWNERS ASSN,9015
385,9108 SHORT CHIP CIR,Z134082305,03/03/2022,ISLAND POINT/RESERVE PROPERTY OWNERS ASSN,ISLAND POINT/RESERVE PROPERTY OWNERS ASSN,9015
386,430 NW LAKE WHITNEY PL,Z136581902,03/23/2022,ISLE OF VENICE NEIGHBORHOOD ASSN INC,ISLE OF VENICE NEIGHBORHOOD ASSN INC,9015
387,430 NW LAKE WHITNEY PL,Z136581902,03/23/2022,ISLE OF VENICE NEIGHBORHOOD ASSN INC,ISLE OF VENICE NEIGHBORHOOD ASSN INC,9015
388,430 NW LAKE WHITNEY PL,Z136581902,03/23/2022,ISLE OF VENICE NEIGHBORHOOD ASSN INC,ISLE OF VENICE NEIGHBORHOOD ASSN INC,9015
389,575 NW SAN REMO CIR,Z136581902,03/23/2022,ISLE OF VENICE NEIGHBORHOOD ASSN INC,ISLE OF VENICE NEIGHBORHOOD ASSN INC,9015
390,528 NW ENTERPRISE DR,WC0100068123,03/26/2022,ITALIAN TERRAZZO & TILE CO OF BREVARD LLC,ITALIAN TERRAZZO & TILE CO OF BREVARD LLC,5606
391,580 NW UNIVERSITY BLVD,UB8P7024562142V,03/24/2022,IVOX SOLUTIONS LLC,IVOX SOLUTIONS LLC,8810
392,580 NW UNIVERSITY BLVD,UB8P7024562142V,03/24/2022,IVOX SOLUTIONS LLC,IVOX SOLUTIONS LLC,8810
393,3020 CROSSROADS PKWY,WC478373108,03/01/2022,J J TAYLOR DISTRIBUTING FLORIDA INC,J J TAYLOR DISTRIBUTING FLORIDA INC,7390
394,433 SW MILLARD DR,WCG78543,03/01/2022,J PELOQUIN REFRIGERATION INC,J PELOQUIN REFRIGERATION INC,5537
395,3601 N 25TH ST,UB0K4041992114G,03/01/2022,JACKSONVILLE EDUCATORS BROADCASTING INC,JACKSONVILLE EDUCATORS BROADCASTING INC,7610
396,1200 OAK AVE,WC01000001021,03/01/2022,JAJO ONE LLC DBA,KYMBERLY GROUP PAYROLL SOLUTIONS INC,7219
397,592 SE ESSEX DR,NHFL0116832021,03/14/2022,JAMES DOYLE,JAMES DOYLE,5146
398,592 SE ESSEX DR,NHFL0116832021,03/14/2022,JAMES DOYLE DBA JAMES DOYLE INSTALLATION,JAMES DOYLE,5146
399,592 SE ESSEX DR,NHFL0116832021,03/14/2022,JAMES DOYLE INSTALLATION DBA,JAMES DOYLE,5146
400,314 N 17TH ST,WC7155300,03/26/2022,JAO'S CARPENTRY INC,JAO'S CARPENTRY INC,5645
401,314 N 17TH ST,WC7155300,03/26/2022,JAO'S CARPENTRY INC,JAO'S CARPENTRY INC,5645
402,280 NE ARDSLEY DR,NXT7KMZEH401WC,03/20/2022,JC HANDIWORX LLC,JC HANDIWORX LLC,5403
403,2126 AZURE AV,JGWC252841,03/17/2022,JGEII INC,JGEII INC,5190
404,2126 SW AZURE AVE,JGWC252841,03/17/2022,JGEII INC,JGEII INC,5190
405,2126 SW AZURE AVE,JGWC252841,03/17/2022,JGEII INC,JGEII INC,5190
406,8801 INDRIO RD,WC0100067891,03/31/2022,JIM G RUSSAKIS,RUSSAKIS CITRUS MANAGEMENT LLC,83
407,1111 SE PORT ST LUCIE BLVD,TWC3955081,03/19/2022,JIMMY JOHN'S DBA,JIMMY JOHNS DBA,9083
408,1111 SE PORT ST LUCIE BLVD,TWC3955081,03/19/2022,JIMMY JOHN'S DBA,TREASURE COAST GOURMET SUBS INC DBA JIMMY JOHNS,9083
409,1111 SE PORT ST LUCIE BLVD,TWC3955081,03/19/2022,JIMMY JOHN'S DBA,TREASURE COAST GOURMET SUBS INC,9083
410,1111 SE PORT ST LUCIE BLVD,TWC3955081,03/19/2022,JIMMY JOHN'S DBA,TREASURE COAST GOURMET SUBS INC DBA JIMMY JOHNS,9083
411,4131 S US HIGHWAY 1,JJWC256430,03/30/2022,JJ PLUMS CAF II LLC,JJ PLUMS CAF II LLC,9082
412,2115 DONALD ST,10658807,03/30/2022,JOHN W WILSON LLC,JOHN W WILSON LLC,5474
413,372 CYCLONE DR,10658807,03/30/2022,JOHN W WILSON LLC,JOHN W WILSON LLC,5474
414,1109 APPLE ST,JOWC292078,03/02/2022,JOWY CARPENTRY LLC,JOWY CARPENTRY LLC,5645
415,2407 SE ROCK SPRINGS DR,WC58600001021SZ,03/01/2022,JTB3 SERVICES INC DBA,KYMBERLY GROUP PAYROLL SOLUTIONS INC,8380
416,6412 LAS PALMAS WAY,UB7P3514702142G,03/04/2022,JUST SOLUTIONS INC,JUST SOLUTIONS INC,8871
417,904 SW SAINT LUCIE WEST BLVD,NHFL0142682021,03/01/2022,KICATHAN LLC,KICATHAN LLC,2589
418,904 SW SAINT LUCIE WEST BLVD,NHFL0142682021,03/01/2022,KICATHAN LLC,"KICATHAN, LIMITED LIABILITY COMPANY.",2589
419,2900 W MIDWAY RD,MWC004616009,03/01/2022,KIDS HEALTH PLACE INC,KIDS HEALTH PLACE INC,8832
420,10000 SW INNOVATION WAY,WC84000239752021A,03/02/2022,KIDZ MEDICAL SERVICES INC,KIDZ MEDICAL SERVICES INC,8832
421,10521 SW VILLAGE CENTER DR STE,WC84000239752021A,03/02/2022,KIDZ MEDICAL SERVICES INC,KIDZ MEDICAL SERVICES INC,8832
422,768 NW FLORESTA DR,TWC3953272,03/24/2022,KIKO'S CARPENTRY DBA,KIKO'S CARPENTRY DBA,5437
423,768 NW FLORESTA DR,TWC3953272,03/24/2022,KIKO'S CONSTRUCTION INC,KIKO'S CONSTRUCTION INC,5437
424,768 NW FLORESTA DR,TWC3953272,03/24/2022,KIKO'S CONSTRUCTION INC,KIKO'S CONSTRUCTION INC,5437
425,117 SW NORTH DANVILLE CIR,LLWC284828,03/10/2022,L & L LAWN & LANDSCAPE SERVICES LLC,L & L LAWN & LANDSCAPE SERVICES LLC,42
426,5520 NW PINE TRAIL CIR,LLWC284828,03/10/2022,L & L LAWN & LANDSCAPE SERVICES LLC,L & L LAWN & LANDSCAPE SERVICES LLC,42
427,5520 NW PINE TRAIL CIR,LLWC284828,03/10/2022,L & L LAWN & LANDSCAPE SERVICES LLC,L & L LAWN & LANDSCAPE SERVICES LLC,42
428,1887 SE PORT ST LUCIE BLVD,WC712722265,03/21/2022,LAW FIRM OF HOSKINS TURCO LLOYD & LLOYD DBA,HOSKINS & TURCO P L,8820
429,1887 SE PORT ST LUCIE BLVD,WC712722265,03/21/2022,LAW FIRM OF HOSKINS TURCO LLOYD & LLOYD DBA,LAW FIRM OF HOSKINS TURCO LLOYD & LLOYD DBA,8820
430,302 S 2ND ST,WC712722265,03/21/2022,LAW FIRM OF HOSKINS TURCO LLOYD & LLOYD DBA,LAW FIRM OF HOSKINS TURCO LLOYD & LLOYD DBA,8820
431,875 SW SOUTH MACEDO BLVD,WC01000001021,03/01/2022,LAWNSCAPE OF SOUTH FLORIDA,KYMBERLY GROUP PAYROLL SOLUTIONS INC,7219
432,1700 CELEBRATION DR,MWC31258321,03/01/2022,LGI HOMES FLORIDA LLC,LGI HOMES FLORIDA LLC,5606
433,160 NW CENTRAL PARK PLZ,LIWC256437,03/30/2022,LIFE CARE PARTNERS OF FLORIDA LLC,LIFE CARE PARTNERS OF FLORIDA LLC,8835
434,1349 SW BILTMORE ST,83031318,03/01/2022,LIFE SAFETY SYS INC OF THE TREASURE COAST,LIFE SAFETY SYS INC OF THE TREASURE COAST,5188
435,1349 SW BILTMORE ST,83031318,03/01/2022,LIFE SAFETY SYS INC OF THE TREASURE COAST,LIFE SAFETY SYSTEMS INC,5188
436,1349 SW BILTMORE ST,83031318,03/01/2022,LIFE SAFETY SYS INC OF THE TREASURE COAST,LIFE SAFETY SYSTEMS INC OF THE TREASURE COA,5188
437,514 SE PORT ST LUCIE BLVD,UB5N5138772142V,03/20/2022,LINDA F DELO DO PA,LINDA F DELO DO PA,8832
438,514 SE PORT ST LUCIE BLVD,UB5N5138772142V,03/20/2022,LINDA F DELO DO PA,LINDA F DELO DO PA,8832
439,120 MAPLE AVE,MWC016650002,03/25/2022,LITTLE ANGELS LEARNING ACADEMY TU LLC,LITTLE ANGELS LEARNING ACADEMY TU LLC,8869
440,5713 MYRTLE DR,EIG473047100,03/10/2022,LOBRUTTOS FINAL TOUCH CLEANING,LOBRUTTOS FINAL TOUCH CLEANING,9014
441,1455 SE PITCHER RD,TWC3950703,03/17/2022,LUCI V JENKINS INC,LUCI V JENKINS INC,9014
442,3243 SW PORT ST LUCIE BLVD,AWC1163394,03/21/2022,LUCKY STAR INC,LUCKY STAR INC,9082
443,515 NW NORTH MACEDO BLVD,WC039252019,03/01/2022,LUPE METAL SOLUTIONS INC,LUPE METAL SOLUTIONS INC,5551
444,515 NW NORTH MACEDO BLVD,WC039252019,03/01/2022,LUPE METAL SOLUTIONS INC,LUPE METAL SOLUTIONS INC,5551
445,515 NW NORTH MACEDO BLVD,WC039252019,03/01/2022,LUPE METAL SOLUTIONS INC,LUPE METAL SOLUTIONS INC,5551
446,10979 SW VISCONTI WAY,02WECNK9831,03/23/2022,MACDERMID REYNOLDS & GLISSMAN,MACDERMID REYNOLDS & GLISSMAN,8820
447,1455 SE PITCHER RD,TWC3950703,03/17/2022,MAID FOR YOU DBA,LUCI V JENKINS INC,9014
448,7421 BOB O LINK WAY,Z134081205,03/03/2022,MAIDSTONE/RESERVE PROPERTY OWNERS ASSOC INC,MAIDSTONE/RESERVE PROPERTY OWNERS ASSOC INC,9015
449,8311 HOLLEY TREE TRL,Z134081205,03/03/2022,MAIDSTONE/RESERVE PROPERTY OWNERS ASSOC INC,MAIDSTONE/RESERVE PROPERTY OWNERS ASSOC INC,9015
450,8311 HOLLEY TREE TRL,Z134081205,03/03/2022,MAIDSTONE/RESERVE PROPERTY OWNERS ASSOC INC,MAIDSTONE/RESERVE PROPERTY OWNERS ASSOC INC,9015
451,8311 HOLLEY TREE TRL,Z134081205,03/03/2022,MAIDSTONE/RESERVE PROPERTY OWNERS ASSOC INC,MAIDSTONE/RESERVE PROPERTY OWNERS ASSOC INC,9015
452,460 NW CONCOURSE PL UNIT 9,83023066,03/01/2022,MAJOR CANVAS AWNINGS INC,MAJOR CANVAS AWNINGS INC,2501
453,705 SW MYAKKA RIVER TRCE,76WEGAK4HLA,03/01/2022,MANNING CONSULTING GROUP INC,MANNING CONSULTING GROUP INC,8810
454,584 NW UNIVERSITY BLVD STE 708,WC080756268,03/01/2022,MANPOWER TEMPORARY SERVICE AKA,MANPOWER TEMPORARY SERVICE AKA,9410
455,584 NW UNIVERSITY BLVD STE 708,WC080756268,03/01/2022,MANPOWER TEMPORARY SERVICE DBA,MANPOWER TEMPORARY SERVICE DBA,9410
456,10380 SW VILLAGE CENTER DR STE,MAWC263072,03/18/2022,MARGARET CABAN CLEAN EXTREME LLC,MARGARET CABAN CLEAN EXTREME LLC,917
457,10380 SW VILLAGE CENTER DR STE,MAWC263072,03/18/2022,MARGARET CABAN CLEAN EXTREME LLC,MARGARET CABAN CLEAN EXTREME LLC,917
458,5285 SAINT LUCIE BLVD,AWC1166998,03/31/2022,MARTINEZ BUILDERS SUPPLY LLC,MARTINEZ BUILDERS SUPPLY LLC,2802
459,3207 SW PORT ST LUCIE BLVD,AWC1163201,03/01/2022,MASSIMO'S PIZZA & PASTA INC,MASSIMO'S PIZZA & PASTA INC,9083
460,3207 SW PORT ST LUCIE BLVD,AWC1163201,03/01/2022,MASSIMO'S PIZZA & PASTA INC,MASSIMO'S PIZZA & PASTA INC,9083
461,315 AVENUE A,UB4K4635112142G,03/26/2022,MCALPIN CALVALCANTI & LEWIS CPA,MCALPIN CALVALCANTI & LEWIS CPA,8810
462,608 TUMBLIN KLING RD,52053552,03/06/2022,MCCOY'S SUNNY SOUTH APIARIES INC,MCCOY'S SUNNY SOUTH APIARIES INC,34
463,2172 NW RESERVE PARK TRCE,UB2N46910121I2E,03/01/2022,MEDICAL EQUIPMENT TECHNOLOGIESINC,MEDICAL EQUIPMENT TECHNOLOGIESINC,3724
464,2172 NW RESERVE PARK TRCE,UB2N46910121I2E,03/01/2022,MEDICAL EQUIPMENT TECHNOLOGIESINC,MEDICAL EQUIPMENT TECHNOLOGIESINC,3724
465,2712 NW RESERVE PARK TRACE,UB2N46910121I2E,03/01/2022,MEDICAL EQUIPMENT TECHNOLOGIESINC,MEDICAL EQUIPMENT TECHNOLOGIESINC,3724
466,1108 W MIDWAY RD,MWC002814810,03/19/2022,MIDWAY ROAD BAPTIST CHURCH INC,MIDWAY ROAD BAPTIST CHURCH INC,8868
467,5347 NW ALOHA ST,XWS2258273598,03/01/2022,MILLER CONSTRUCTION & DESIGN INC,MILLER CONSTRUCTION & DESIGN INC,5645
468,380 SW PRIMA VISTA BLVD,52040402,03/21/2022,MILTON M APONTE MD PA,MILTON M APONTE MD PA,8832
469,PO BOX 881027,52040402,03/21/2022,MILTON M APONTE MD PA,MILTON M APONTE MD PA,8832
470,1050 SW BAYSHORE BLVD,TWC3951944,03/13/2022,MJW INC,MJW INC,9084
471,1050 SW BAYSHORE BLVD,TWC3951944,03/13/2022,MJW INC,MJW INC,9084
472,1050 SW BAYSHORE BLVD,TWC3951944,03/13/2022,MJW INC,MJW INC,9084
473,3038 SUMMIT ST,MLWC237642,03/28/2022,MLP PAINTING INC,MLP PAINTING INC,5474
474,3038 SUMMIT ST,MLWC237642,03/28/2022,MLP PAINTING INC,MLP PAINTING INC,5474
475,10377 S US HIGHWAY 1 STE 102,AWC1163697,03/04/2022,MOISES SIPERSTEIN M D PA,MOISES SIPERSTEIN M D PA,8832
476,10377 S US HIGHWAY 1 STE 102,AWC1163697,03/04/2022,MOISES SIPERSTEIN M D PA,MOISES SIPERSTEIN M D PA,8832
477,10570 S US 1,76WEGAF7N24,03/09/2022,MOORE SOLUTIONS INC,MOORE SOLUTIONS INC,8810
478,1680 SE LYNGATE DR STE 202,76WEGAF7N24,03/09/2022,MOORE SOLUTIONS INC,MOORE SOLUTIONS INC,8810
479,1680 SE LYNGATE DR STE 202,76WEGAF7N24,03/09/2022,MOORE SOLUTIONS INC,MOORE SOLUTIONS INC,8810
480,1050 SW BAYSHORE BLVD,TWC3951944,03/13/2022,MUMBLES BAR DBA,MJW INC,9084
481,1391 NW SAINT LUCIE WEST BLVD,TWC3950589,03/17/2022,NATURAL HABITATS INC,NATURAL HABITATS INC,9102
482,1391 NW SAINT LUCIE WEST BLVD,TWC3950589,03/17/2022,NATURAL HABITATS INC,NATURAL HABITATS INC,9102
483,1850 SW FOUNTAIN BLVD STE 202,98CMT2022,03/04/2022,NEELD FAMILY CHIROPRACTIC LLC,NEELD FAMILY CHIROPRACTIC LLC,8832
484,638 SW BAYSHORE BLVD,98CBV5128,03/06/2022,NEW IMAGE DENTISTRY OF ST LUCIE PA,NEW IMAGE DENTISTRY OF ST LUCIE PA,8832
485,638 SW BAYSHORE BLVD,98CBV5128,03/06/2022,NEW IMAGE DENTISTRY OF ST LUCIE PA,NEW IMAGE DENTISTRY OF ST LUCIE PA,8832
486,3180 SE OVERBROOK DR,WC011326685,03/01/2022,NEXT DOOR DISTRIBUTION LLC DBA,NEXT DOOR DISTRIBUTION LLC DBA,8235
487,1234 SW ARAGON AVE,MWC014526503,03/04/2022,NEXT LEVEL LANDSCAPE SERVICE INC,NEXT LEVEL LANDSCAPE SERVICE INC,9102
488,1234 SW ARAGON AVE,MWC014526503,03/04/2022,NEXT LEVEL LANDSCAPE SERVICE INC,NEXT LEVEL LANDSCAPE SERVICE INC,9102
489,8801 INDRIO RD,WC0100067891,03/31/2022,NICHOLAS J RUSSAKIS,RUSSAKIS CITRUS MANAGEMENT LLC,83
490,131 SW PORT ST LUCIE BLVD,10664058,03/08/2022,NIGHT LITE PEDIATRIC CENTER LLC,NIGHT LITE PEDIATRIC CENTER LLC,8832
491,2403 S 25TH ST OFC,WC501439806,03/02/2022,NORTH TOWNE TOLEDO LLC,NORTH TOWNE TOLEDO LLC,9012
492,4591 WHISPERING PINES LN,WC501439806,03/02/2022,NORTH TOWNE TOLEDO LLC,NORTH TOWNE TOLEDO LLC,9012
493,2403 S 25TH ST OFC,WC501439806,03/02/2022,NORTH TOWNE VILLAS,NORTH TOWNE VILLAS,9012
494,4591 WHISPERING PINES LN,WC501439806,03/02/2022,NORTH TOWNE VILLAS,NORTH TOWNE VILLAS,9012
495,1903 S 25TH ST,MWC014431303,03/01/2022,NOVA ORTHO & SPINE PLLC,NOVA ORTHO & SPINE PLLC,8832
496,10489 S US HIGHWAY 1,WC065885741,03/01/2022,O'REILLY AUTOMOTIVE STORES INC,O'REILLY AUTOMOTIVE STORES INC,8046
497,198 SW PORT ST LUCIE BLVD,WC065885741,03/01/2022,O'REILLY AUTOMOTIVE STORES INC,O'REILLY AUTOMOTIVE STORES INC,8046
498,2600 OKEECHOBEE RD,WC065885741,03/01/2022,O'REILLY AUTOMOTIVE STORES INC,O'REILLY AUTOMOTIVE STORES INC,8046
499,4760 S US HIGHWAY 1,WC065885741,03/01/2022,O'REILLY AUTOMOTIVE STORES INC,O'REILLY AUTOMOTIVE STORES INC,8046
500,571 NW PRIMA VISTA BLVD,WC065885741,03/01/2022,O'REILLY AUTOMOTIVE STORES INC,O'REILLY AUTOMOTIVE STORES INC,8046
501,848 SE BECKER RD,UB9R7124062142G,03/05/2022,OAK & EMBER STEAKHOUSE LLC,OAK & EMBER STEAKHOUSE LLC,9082
502,848 SE BECKER RD,UB9R7124062142G,03/05/2022,OAK & EMBER STEAKHOUSE LLC,OAK & EMBER STEAKHOUSE LLC,9082
503,718 SE ADAMS CT,WCP0004417020,03/20/2022,OAKES SPECTACULAR TRAINS INC,OAKES SPECTACULAR TRAINS INC,9180
504,8980 S US HIGHWAY 1,MWC016599702,03/13/2022,OASIS CHIROPRACTIC & WELLNESS INC,OASIS CHIROPRACTIC & WELLNESS INC,8832
505,430 NW LAKE WHITNEY PL,WC616619866,03/15/2022,OCEAN DUNES OF HUTCHINSONISLAND CONDO ASSN INC,OCEAN DUNES OF HUTCHINSONISLAND CONDO ASSN INC,9015
506,430 NW LAKE WHITNEY PL,WC616619866,03/15/2022,OCEAN DUNES OF HUTCHINSONISLAND CONDO ASSN INC,OCEAN DUNES OF HUTCHINSONISLAND CONDO ASSN INC,9015
507,3801 S INDIAN RIVER DR,TWC3966228,03/24/2022,OCEANS ELECTRIC OF SOUTH FLORIDA LLC,OCEANS ELECTRIC OF SOUTH FLORIDA LLC,5190
508,100 AVENUE A STE C,UB1S0582732142V,03/16/2022,OLD FLORIDA COFFEE CO DBA,OLD FLORIDA COFFEE LLC,9083
509,100 AVENUE A STE C,UB1S0582732142V,03/16/2022,OLD FLORIDA COFFEE LLC,OLD FLORIDA COFFEE LLC,9083
510,150 SW CHAMBER CT STE 101,61WECAB3JIU,03/19/2022,OPTIMAL CARE PEDIATRICS LLC,OPTIMAL CARE PEDIATRICS LLC,8832
511,150 SW CHAMBER CT STE 101,61WECAB3JIU,03/19/2022,OPTIMAL CARE PEDIATRICS LLC,OPTIMAL CARE PEDIATRICS LLC,8832
512,160 NW CENTRAL PARK PLZ,LIWC256437,03/30/2022,OPTIONS HOME HEALTH TA,OPTIONS HOME HEALTH TA,8835
513,884 SOUTHWEST PORT SAINT LUCIE,EIG472613600,03/02/2022,ORANGE THEORY FITNESS,ORANGE THEORY FITNESS,9063
514,1487 SE COLCHESTER CIR,C68954149,03/01/2022,ORANGEWOOD PROPERTY MANAGEMENT INC,TRINET HR II HOLDINGS INC,8832
515,522 SW BUTLER AVE,W23H19661801,03/01/2022,OROFACIAL THERAPEUTICS LP,OROFACIAL THERAPEUTICS LP,8742
516,430 NW LAKE WHITNEY PL,2021010557942Y,03/01/2022,OUTRIGGER HARBOUR CONDO ASSOC,OUTRIGGER HARBOUR CONDO ASSOC,9015
517,430 NW LAKE WHITNEY PL,2021010557942Y,03/01/2022,OUTRIGGER HARBOUR CONDO ASSOC,OUTRIGGER HARBOUR CONDO ASSOC,9015
518,430 NW LAKE WHITNEY PL,2021010519611Y,03/01/2022,OUTRIGGER HARBOUR YACHT CLUB INC,OUTRIGGER HARBOUR YACHT CLUB INC,9015
519,430 NW LAKE WHITNEY PL,2021010519611Y,03/01/2022,OUTRIGGER HARBOUR YACHT CLUB INC,OUTRIGGER HARBOUR YACHT CLUB INC,9015
520,1007 COPENHAVER RD,WC0100067827,03/22/2022,P&C CONSTRUCTION OF THE TREASURE COAST LLC,P&C CONSTRUCTION OF THE TREASURE COAST LLC,5213
521,COAST LLC,WC0100067827,03/22/2022,P&C CONSTRUCTION OF THE TREASURE COAST LLC,P&C CONSTRUCTION OF THE TREASURE COAST LLC,5213
522,PO BOX 4343,WC0100067827,03/22/2022,P&C CONSTRUCTION OF THE TREASURE COAST LLC,P&C CONSTRUCTION OF THE TREASURE COAST LLC,5213
523,4728 GRADY DR,NXTV6GBW7300WC,03/17/2022,PA LA LAWN SERVICES LLC,PA LA LAWN SERVICES LLC,106
524,1225 SE PORT ST LUCIE BLVD UNI,WCV0122480,03/09/2022,PACE 2000 INC,PACE 2000 INC,5606
525,445 NW PRIMA VISTA BLVD # 107,WCV0122480,03/09/2022,PACE 2000 INC,PACE 2000 INC,5606
526,10480 SW STEPHANIE WAY APT 208,WC611303178,03/05/2022,PALM BEACH BUSINESS SERVICES INC,PALM BEACH BUSINESS SERVICES INC,8871
527,1218 SW AIROSO BLVD,WC611303178,03/05/2022,PALM BEACH BUSINESS SERVICES INC,PALM BEACH BUSINESS SERVICES INC,8871
528,1306 YORK AVE,WC611303178,03/05/2022,PALM BEACH BUSINESS SERVICES INC,PALM BEACH BUSINESS SERVICES INC,8871
529,157 SW THORNHILL DR,WC611303178,03/05/2022,PALM BEACH BUSINESS SERVICES INC,PALM BEACH BUSINESS SERVICES INC,8871
530,181 SE JUPER AVE,WC611303178,03/05/2022,PALM BEACH BUSINESS SERVICES INC,PALM BEACH BUSINESS SERVICES INC,8871
531,2050 OLEANDER BLVD APT 2-106,WC611303178,03/05/2022,PALM BEACH BUSINESS SERVICES INC,PALM BEACH BUSINESS SERVICES INC,8871
532,2079 SE NEW YORK ST,WC611303178,03/05/2022,PALM BEACH BUSINESS SERVICES INC,PALM BEACH BUSINESS SERVICES INC,8871
533,343 NE SOLIDA CIR,WC611303178,03/05/2022,PALM BEACH BUSINESS SERVICES INC,PALM BEACH BUSINESS SERVICES INC,8871
534,382 SW BRIDGEPORT DR,WC611303178,03/05/2022,PALM BEACH BUSINESS SERVICES INC,PALM BEACH BUSINESS SERVICES INC,8871
535,474 SW CARTER AVE,WC611303178,03/05/2022,PALM BEACH BUSINESS SERVICES INC,PALM BEACH BUSINESS SERVICES INC,8871
536,1676 SW BILTMORE ST,C68954149,03/01/2022,PARK'S RENTAL & SALES INC,PARK'S RENTAL & SALES INC,8832
537,2306 OKEECHOBEE RD,C68954149,03/01/2022,PARK'S RENTAL & SALES INC,PARK'S RENTAL & SALES INC,8832
538,2306 OKEECHOBEE RD,C68954149,03/01/2022,PARK'S RENTAL & SALES INC,TRINET HR II HOLDINGS INC,8832
539,1090 VIRGINIA AVE,03178272630564,03/13/2022,PAUL N GOTKIN DPM & DAVID GUBERNICK,PAUL N GOTKIN DPM & DAVID GUBERNICK,8832
540,1095 NW SAINT LUCIE WEST BLVD,03178272630564,03/13/2022,PAUL N GOTKIN DPM & DAVID GUBERNICK,PAUL N GOTKIN DPM & DAVID GUBERNICK,8832
541,1761 SW BILTMORE ST,19652655,03/12/2022,PDK ROOFING INC,PDK ROOFING INC,5551
542,1761 SW BILTMORE ST,19652655,03/12/2022,PDK ROOFING INC,PDK ROOFING INC,5551
543,626 SW EVERETT CT,19652655,03/12/2022,PDK ROOFING INC,PDK ROOFING INC,5551
544,1922 SW EXETER CT,AWC1163897,03/03/2022,PEACE AVE INC,PEACE AVE INC,8017
545,207 SW PORT ST LUCIE BLVD,AWC1163897,03/03/2022,PEACE AVE INC,PEACE AVE INC,8017
546,6658 S US HIGHWAY 1,AWC1163897,03/03/2022,PEACE AVE INC,PEACE AVE INC,8017
547,545 NW MERCANTILE PL STE 105,TWC3953168,03/29/2022,PEBBLE CONCEPTS INC,PEBBLE CONCEPTS INC,5223
548,545 NW MERCANTILE PL STE 105,TWC3953168,03/29/2022,PEBBLE CONCEPTS INC,PEBBLE CONCEPTS INC,5223
549,873 SW SOUTH MACEDO BLVD,TWC3953168,03/29/2022,PEBBLE CONCEPTS INC,PEBBLE CONCEPTS INC,5223
550,1270 BELL AVE,10967,03/31/2022,PERFORMANCE NAPA LLC,PERFORMANCE NAPA LLC,8046
551,485 SW THORNHILL DR,10967,03/31/2022,PERFORMANCE NAPA LLC,PERFORMANCE NAPA LLC,8046
552,8896 S US HIGHWAY 1,10967,03/31/2022,PERFORMANCE NAPA LLC,PERFORMANCE NAPA LLC,8046
553,2127 NW SETTLE AVE,83WBCAK7BPU,03/10/2022,PETESGOLFCARTS BATTERYPETE GOLFCARTSANDPARTS,PETESPOWER INC,8018
554,2127 NW SETTLE AVE,83WBCAK7BPU,03/10/2022,PETESPOWER INC,PETESPOWER INC,8018
555,8600 SOUTH INDIAN RIVER DRIVE,19650665,03/26/2022,PINNACLE ROOFING SERVICES LLC,PINNACLE ROOFING SERVICES LLC,5551
556,1443 SE LARKWOOD CIRCLE,TWC3962811,03/02/2022,PIONEER PROTECTIVE COATINGS LLC,PIONEER PROTECTIVE COATINGS LLC,5474
557,5703 SPRUCE DR,TWC3962811,03/02/2022,PIONEER PROTECTIVE COATINGS LLC,PIONEER PROTECTIVE COATINGS LLC,5474
558,1682 SW BILTMORE ST,83037550,03/11/2022,PIONEER SCREEN CO INC II,PIONEER SCREEN CO INC II,5102
559,1682 SW BILTMORE ST,83037550,03/11/2022,PIONEER SCREEN CO INC II,PIONEER SCREEN CO INC II,5102
560,2501 SOTHWEST BAER STREET,10966,03/28/2022,PIPE CONNECTION INC,PIPE CONNECTION INC,5183
561,2501 SOTHWEST BAER STREET,10966,03/28/2022,PIPE CONNECTION INC,PIPE CONNECTION INC,5183
562,2775 SW BUCKHART ST,NXTVE9E9YU00WC,03/05/2022,PLUMBING INC OF FLORIDA CORP,PLUMBING INC OF FLORIDA CORP,5183
563,2775 SW BUCKHART ST,NXTVE9E9YU00WC,03/05/2022,PLUMBING INC OF FLORIDA CORP,PLUMBING INC OF FLORIDA CORP,5183
564,4131 S US HIGHWAY 1,JJWC256430,03/30/2022,PLUMS TA,JJ PLUMS CAF II LLC,9082
565,11200 SW VILLAGE PKWY STE 102,AWC1164252,03/02/2022,POKE POKE DBA,T CAFE LLC,9082
566,6701 DELAND AVE,POWC215413,03/01/2022,POLISHING GENIE LLC,POLISHING GENIE LLC,9014
567,6901 BROOKLINE AVE,POWC215413,03/01/2022,POLISHING GENIE LLC,POLISHING GENIE LLC,9014
568,2474 SW MONTERREY LN,MWC016382702,03/01/2022,POOLS USA LLC,POOLS USA LLC,9014
569,11070 SW VILLAGE PKWY,Z137517001,03/05/2022,POPSTROKE HOLDINGS LLC,POPSTROKE HOLDINGS LLC,9082
570,8235 S US HIGHWAY 1,AWC1163769,03/14/2022,PORT ST LUCIE PAIN MANAGEMENT,PALM BEACH PAIN MANAGEMENT INC,8832
571,900 ELYSE CIR,83050376,03/01/2022,PORT ST LUCIE PLUMBING INC,PORT ST LUCIE PLUMBING INC,5183
572,900 ELYSE CIR,83050376,03/01/2022,PORT ST LUCIE PLUMBING INC,PORT ST LUCIE PLUMBING INC,5183
573,900 ELYSE CIR,83050376,03/01/2022,PORT ST LUCIE PLUMBING INC,PORT ST LUCIE PLUMBING INC,5183
574,4 HARBOUR ISLE DR E,2271742791,03/31/2022,PREMIER INK SYSTEMS INC,PREMIER INK SYSTEMS INC,4557
575,2407 SE ROCK SPRINGS DR,WC58600001021SZ,03/01/2022,PRESTIGE CONSTRUCTION,KYMBERLY GROUP PAYROLL SOLUTIONS INC,8380
576,2385 SW SAVONA BLVD,FWFL0010597302,03/19/2022,PRO CARPENTER SERVICES CORP,PRO CARPENTER SERVICES CORP,5645
577,2385 SW SAVONA BLVD,FWFL0010597302,03/19/2022,PRO CARPENTER SERVICES CORP,PRO CARPENTER SERVICES CORP,5645
578,12879 SW LAKE FERN CIR PORT,92MKD4378,03/15/2022,PROFESSIONAL TRANSPORTATION PARTNERS LLC,PROFESSIONAL TRANSPORTATION PARTNERS LLC,8810
579,2000 SE VIA TESORO,MWC018290001,03/01/2022,PROFESSIONAL TURF CONSULTING LLC DBA TESORO CLUB,PROFESSIONAL TURF CONSULTING LLC DBA TESORO CLUB,9102
580,2000 SE VIA TESORO,MWC018290001,03/01/2022,PROFESSIONAL TURF CONSULTING LLC DBA TESORO CLUB,PROFESSIONAL TURF CONSULTING LLC DBA TESORO CLUB,9102
581,884 SOUTHWEST PORT SAINT LUCIE,EIG472613600,03/02/2022,PSL FITNESS LLC,PSL FITNESS LLC,9063
582,522 SW BUTLER AVE,W23H19661801,03/01/2022,QUICKSPLINT LLC,OROFACIAL THERAPEUTICS LP,8742
583,875 SW SOUTH MACEDO BLVD,WC01000001021,03/01/2022,RAINBOW LAWN SERVICE OF PORT ST LUCIE INC DBA,KYMBERLY GROUP PAYROLL SOLUTIONS INC,7219
584,999 WHEELER TER,C68954149,03/01/2022,RAMAR ENTERPRISES OF BROWARD INC,RAMAR ENTERPRISES OF BROWARD INC,8832
585,2181 MORNINGSIDE BLVD,10656363,03/09/2022,RED LION CONSTRUCTION SERVICES INC,RED LION CONSTRUCTION SERVICES INC,5645
586,701 SE HIDDEN RIVER DR,10656363,03/09/2022,RED LION CONSTRUCTION SERVICES INC,RED LION CONSTRUCTION SERVICES INC,5645
587,701 SE HIDDEN RIVER DR,10656363,03/09/2022,RED LION CONSTRUCTION SERVICES INC,RED LION CONSTRUCTION SERVICES INC,5645
588,4001 S JENKINS RD,20WNS65608,03/01/2022,RELOGISTICS SERVICES LLC,RELOGISTICS SERVICES LLC,2759
589,2172 NW RESERVE PARK TRCE,UB2N46910121I2E,03/01/2022,REMETRONIX DBA,MEDICAL EQUIPMENT TECHNOLOGIESINC,3724
590,10117 S US HIGHWAY 1,52060978,03/04/2022,RENT A CENTER,RENT A CENTER,8044
591,1850 SW FOUNTAIN BLVD STE 202,98CMT2022,03/04/2022,REVIVE HEALTH & WELLNESS DBA,NEELD FAMILY CHIROPRACTIC LLC,8832
592,2235 SE VETERANS MEMORIAL PKWY,AWC1163354,03/31/2022,RIVERBEND LEARNING CENTER INC,RIVERBEND LEARNING CENTER INC,8869
593,1537 SW LEXINGTON DR,RKWC231892,03/05/2022,RK ELECTRIC LLC,RK ELECTRIC LLC,5190
594,1537 SW LEXINGTON DR,RKWC231892,03/05/2022,RK ELECTRIC LLC,RK ELECTRIC LLC,5190
595,300 SE PORT ST LUCIE BLVD,739422,03/17/2022,RLA PIZZA INC,RLA PIZZA INC,9083
596,4652 SW WADE DR,WCV0260366,03/24/2022,ROC'S CONSTRUCTION LLC,ROC'S CONSTRUCTION LLC,6319
597,4637 S HEADER CANAL RD,WCV0260366,03/24/2022,ROC'S CONSTRUCTION LLC,ROC'S CONSTRUCTION LLC,6319
598,1956 SW HAYWORTH AVE,MWC012509304,03/12/2022,ROLAND CUSTOM CABINETS LLC,ROLAND CUSTOM CABINETS LLC,2883
599,1956 SW HAYWORTH AVE,MWC012509304,03/12/2022,ROLAND CUSTOM CABINETS LLC,ROLAND CUSTOM CABINETS LLC,2883
600,792 SW GROVE AVE,MWC012509304,03/12/2022,ROLAND CUSTOM CABINETS LLC,ROLAND CUSTOM CABINETS LLC,2883
601,6913 LTC PKWY,WC01000001021,03/01/2022,RONS RESTORATION SERVICES LLC,KYMBERLY GROUP PAYROLL SOLUTIONS INC,7219
602,1742 SE LORRAINE ST,TWC3950298,03/15/2022,ROOTER ONE DBA,ROOTER ONE DBA,5183
603,2710 S US HIGHWAY 1,WC012016043,03/01/2022,RR CO OF AMERICA LLC,RR CO OF AMERICA LLC,9012
604,8801 INDRIO RD,WC0100067891,03/31/2022,RUSSAKIS CITRUS MANAGEMENT LLC,RUSSAKIS CITRUS MANAGEMENT LLC,83
605,8801 INDRIO RD,WC0100067891,03/31/2022,RUSSAKIS FARMS LLC,RUSSAKIS CITRUS MANAGEMENT LLC,83
606,8801 INDRIO RD,WC0100067891,03/31/2022,RUSSAKIS GROVES LLC,RUSSAKIS CITRUS MANAGEMENT LLC,83
607,8801 INDRIO RD,WC0100067891,03/31/2022,RUSSAKIS INVESTMENTS LLC,RUSSAKIS CITRUS MANAGEMENT LLC,83
608,8801 INDRIO RD,WC0100067891,03/31/2022,RUSSAKIS LLC,RUSSAKIS CITRUS MANAGEMENT LLC,83
609,8801 INDRIO RD,WC0100067891,03/31/2022,RUSSAKIS RANCH LLC,RUSSAKIS CITRUS MANAGEMENT LLC,83
610,8801 INDRIO RD,WC0100067891,03/31/2022,RUSSAKIS RANCH LTD,RUSSAKIS CITRUS MANAGEMENT LLC,83
611,5589 NW SCEPTER DR,AVWCFL2976972021,03/19/2022,RUSSELL'S ELECTRIC OF THE TREASURE COAST,RUSSELL'S ELECTRIC OF THE TREASURE COAST,7600
612,2921 SE BELLA ROAD,AVWCFL2976972021,03/19/2022,RUSSELL'S ELECTRIC OF THE TREASURE COAST INC,RUSSELL'S ELECTRIC OF THE TREASURE COAST INC,7600
613,5589 NW SCEPTER DR,AVWCFL2976972021,03/19/2022,RUSSELL'S ELECTRIC OF THE TREASURE COAST INC,RUSSELL'S ELECTRIC OF THE TREASURE COAST INC,7600
614,5589 NW SCEPTER DR,AVWCFL2976972021,03/19/2022,RUSSELL'S ELECTRIC OF THE TREASURE COAST INC,RUSSELL'S ELECTRIC OF THE TREASURE COAST INC,7600
615,2525 SW ABNEY ST,668396,03/11/2022,SAFE HEAVEN GROUP HOME INC,SAFE HEAVEN GROUP HOME INC,8842
616,2525 SW ABNEY ST,668396,03/11/2022,SAFE HEAVEN GROUP HOME INC,SAFE HEAVEN GROUP HOME INC,8842
617,3978 SW HELMLINGER ST,668396,03/11/2022,SAFE HEAVEN GROUP HOME INC,SAFE HEAVEN GROUP HOME INC,8842
618,3978 SW HELMLINGER ST,668396,03/11/2022,SAFE HEAVEN GROUP HOME INC,SAFE HEAVEN GROUP HOME INC,8842
619,4401 SW CACAO ST,668396,03/11/2022,SAFE HEAVEN GROUP HOME INC,SAFE HEAVEN GROUP HOME INC,8842
620,2500 NW HATCHES HARBOR RD,83056998,03/01/2022,SANDSPUR HOUSING PARTNERS LTD,GUARDIAN EQUITIES INC,9015
621,2500 NW HATCHES HARBOR RD,83056998,03/01/2022,SANDSPUR HOUSING PARTNERS LTD,SANDSPUR HOUSING PARTNERS LTD,9015
622,2817 AVENUE B,NXTU1F2UP801WC,03/02/2022,SARITAS SERVICES CORP,SARITAS SERVICES CORP,5022
623,825 DAYMAN AVE,NXTU1F2UP801WC,03/02/2022,SARITAS SERVICES CORP,SARITAS SERVICES CORP,5022
624,105 ORANGE AVE,SAWC226953,03/03/2022,SAVANNA CONCIERGE LLC,SAVANNA CONCIERGE LLC,9015
625,430 NW LAKE WHITNEY PL,2021010774240Y,03/04/2022,SAVANNA OAKS HOMEOWNERS ASSN INC,SAVANNA OAKS HOMEOWNERS ASSN INC,9015
626,430 NW LAKE WHITNEY PL,2021010774240Y,03/04/2022,SAVANNA OAKS HOMEOWNERS ASSN INC,SAVANNA OAKS HOMEOWNERS ASSN INC,9015
627,150 N GRAVES RD,C68954149,03/01/2022,SCHIRARD CITRUS INC,TRINET HR II HOLDINGS INC,8832
628,3797 OLEANDER AVE,TWC3964751,03/15/2022,SCOTTS SCREEN & CONSTRUCTION INC,SCOTTS SCREEN & CONSTRUCTION INC,5535
629,3434 INDUSTRIAL 33RD ST UNIT B,WC01000001021,03/01/2022,SCRAP GATORS LLC,KYMBERLY GROUP PAYROLL SOLUTIONS INC,7219
630,1641 SW ANGELICO LN,SDWC226534,03/15/2022,SDR PAINTING INC,SDR PAINTING INC,5474
631,2193 SW CAMEO BLVD,SDWC226534,03/15/2022,SDR PAINTING INC,SDR PAINTING INC,5474
632,2400 S OCEAN DR BLDG 8100,AWC1163591,03/01/2022,SEASCAPE II CONDOMINIUM ASSOC INC,SEASCAPE II CONDOMINIUM ASSOC INC,9015
633,430 NW LAKE WHITNEY PL,AWC1163591,03/01/2022,SEASCAPE II CONDOMINIUM ASSOC INC,SEASCAPE II CONDOMINIUM ASSOC INC,9015
634,3434 INDUSTRIAL 33RD ST,WC01000001021,03/01/2022,SGM LOGISTICS LLC,KYMBERLY GROUP PAYROLL SOLUTIONS INC,7219
635,7410 S US HIGHWAY 1 STE 400,MWC018352601,03/24/2022,SIMPLY CREMATION LLC,SIMPLY CREMATION LLC,9620
636,114 NW LAWTON RD,UB8M8323392142G,03/12/2022,SKINSAFE LLC,SKINSAFE LLC,8742
637,7355 COMMERCIAL CIR,T10210875,03/15/2022,SMITH & WICK MARINE DIESEL INC,SMITH & WICK MARINE DIESEL INC,8380
638,2317 SE LEIGHGROW ST,XWS2258611030,03/10/2022,SMW ENGINEERING GROUP INC,SMW ENGINEERING GROUP INC,8601
639,3329 SW MCMULLEN ST,WCV0260595,03/14/2022,SOUTH FLORIDA GRADING INC,SOUTH FLORIDA GRADING INC,6217
640,839 S KINGS HWY,WCV0260595,03/14/2022,SOUTH FLORIDA GRADING INC,SOUTH FLORIDA GRADING INC,6217
641,5020 GLADES CUT OFF RD,WC984124207,03/31/2022,SOUTHERN EAGLE DISTRIBUTING INC,SOUTHERN EAGLE DISTRIBUTING INC,7390
642,5300 GLADES CUT OFF RD,WC984124207,03/31/2022,SOUTHERN EAGLE DISTRIBUTING INC,SOUTHERN EAGLE DISTRIBUTING INC,7390
643,8129 9TH HOLE DR,WC01000001021,03/01/2022,SOUTHERN EXPOSURE BUILDING CORP,SOUTHERN EXPOSURE BUILDING CORP,7219
644,3798 SELVITZ RD,19645670,03/03/2022,SOUTHERN GUNITE INC,SOUTHERN GUNITE INC,5223
645,2685 SW DOMINA RD,19652547,03/02/2022,SOUTHERN ROOF SYSTEMS INC,SOUTHERN ROOF SYSTEMS INC,5551
646,3409 INDUSTRIAL 27TH ST,AWC1163639,03/12/2022,SOUTHERN SEWER EQUIPMENT SALES DBA,SSES INC,3724
647,1458 SW BARTELL AVE,TWC3951768,03/22/2022,SOUTHPAW PLUMBING & METERING SERVICES LLC,SOUTHPAW PLUMBING & METERING SERVICES LLC,5183
648,1458 SW BARTELL AVE,TWC3951768,03/22/2022,SOUTHPAW PLUMBING & METERING SERVICES LLC,SOUTHPAW PLUMBING & METERING SERVICES LLC,5183
649,3822 EDWARDS RD,019994207192042,03/03/2022,SOUTHSIDE CHRISTIAN CHURCH,SOUTHSIDE CHRISTIAN CHURCH,8868
650,3409 INDUSTRIAL 27TH ST,AWC1163639,03/12/2022,SSES INC,SSES INC,3724
651,430 NW LAKE WHITNEY PL,WDYH20411501,03/07/2022,ST ANDREWS TOWNHOMES,ST ANDREWS TOWNHOMES,9015
652,430 NW LAKE WHITNEY PL,WDYH20411501,03/07/2022,ST ANDREWS TOWNHOMES,ST ANDREWS TOWNHOMES,9015
653,6071 NW HELMSDALE WAY,WDYH20411501,03/07/2022,ST ANDREWS TOWNHOMES,ST ANDREWS TOWNHOMES,9015
654,380 BRAZILIAN CIR,98CBV4897,03/03/2022,ST LUCIE OAKS LLC,ST LUCIE OAKS LLC,9012
655,10380 SW VILLAGE CENTER DR # 1,WCG2483H,03/16/2022,STATEWIDE CLEANING & MAINTENANCE INC,STATEWIDE CLEANING & MAINTENANCE INC,917
656,462 SW PSL BLVD STE 120,WCG2483H,03/16/2022,STATEWIDE CLEANING & MAINTENANCE INC,STATEWIDE CLEANING & MAINTENANCE INC,917
657,462 SW PSL BLVD STE 120,WCG2483H,03/16/2022,STATEWIDE CLEANING & MAINTENANCE INC,STATEWIDE CLEANING & MAINTENANCE INC,917
658,1449 SE HUFFMAN RD,2021010739763Y,03/07/2022,STEADFAST MARINE INC,STEADFAST MARINE INC,6884
659,1800 SE VILLAGE GREEN DR STE 1,2021010739763Y,03/07/2022,STEADFAST MARINE INC,STEADFAST MARINE INC,6884
660,1733 SE MARIANA RD,MWC018212001,03/03/2022,STI TRUCKING LLC,STI TRUCKING LLC,7219
661,2200 N KINGS HWY,MWC018212001,03/03/2022,STI TRUCKING LLC,STI TRUCKING LLC,7219
662,1352 SW EDINBURGH DR,10658772,03/23/2022,STRUCTURAL & METAL SERVICES LLC,STRUCTURAL & METAL SERVICES LLC,3365
663,3462 N US HIGHWAY 1,WC84000314202021A,03/21/2022,SUN CAMPER LIQUIDATORS LLC,SUN CAMPER LIQUIDATORS LLC,8380
664,3462 N. US #1,WC84000314202021A,03/21/2022,SUN CAMPER LIQUIDATORS LLC,SUN CAMPER LIQUIDATORS LLC,8380
665,3507 N OLD DIXIE HWY,WC84000314202021A,03/21/2022,SUN CAMPER LIQUIDATORS LLC,SUN CAMPER LIQUIDATORS LLC,8380
666,3532 OLD DIXIE HWY,WC84000314202021A,03/21/2022,SUN CAMPER LIQUIDATORS LLC,SUN CAMPER LIQUIDATORS LLC,8380
667,657 N 2ND ST,WC84000314202021A,03/21/2022,SUN CAMPER LIQUIDATORS LLC,SUN CAMPER LIQUIDATORS LLC,8380
668,1866 SW DAY ST,10659891,03/02/2022,SUNNY COMMUNICATIONS INC,SUNNY COMMUNICATIONS INC,7600
669,1866 SW DAY ST,10659891,03/02/2022,SUNNY COMMUNICATIONS INC,SUNNY COMMUNICATIONS INC,7600
670,2255 SE VETERANS MEMORIAL PKWY,MWC012535804,03/19/2022,SUNSHINE SURFACE OF FLORIDA INC,SUNSHINE SURFACE OF FLORIDA INC,5348
671,2255 SE VETERANS MEMORIAL PKWY,MWC012535804,03/19/2022,SUNSHINE SURFACE OF FLORIDA INC,SUNSHINE SURFACE OF FLORIDA INC,5348
672,5849 NW CORSO AVE,N9WC223540,03/10/2022,SUNSHINE TEXTURES INC,SUNSHINE TEXTURES INC,5474
673,5849 NW CORSO AVE,N9WC223540,03/10/2022,SUNSHINE TEXTURES INC,SUNSHINE TEXTURES INC,5474
674,3063 SE GALT CIR,SUWC224849,03/26/2022,SUPERIOR STORM SECURITY INC,SUPERIOR STORM SECURITY INC,5102
675,3063 SE GALT CIR,SUWC224849,03/26/2022,SUPERIOR STORM SECURITY INC,SUPERIOR STORM SECURITY INC,5102
676,3063 SE GALT CIRCLE,SUWC224849,03/26/2022,SUPERIOR STORM SECURITY INC,SUPERIOR STORM SECURITY INC,5102
677,2834B STONEWAY LN,Z134070405,03/01/2022,SURREY WOODS TOWNHOME ASSN INC,SURREY WOODS TOWNHOME ASSN INC,9015
678,5475 NW SAINT JAMES DR # 167,Z134070405,03/01/2022,SURREY WOODS TOWNHOME ASSN INC,SURREY WOODS TOWNHOME ASSN INC,9015
679,5475 NW SAINT JAMES DR STE 167,Z134070405,03/01/2022,SURREY WOODS TOWNHOME ASSN INC,SURREY WOODS TOWNHOME ASSN INC,9015
680,5475 NW SAINT JAMES DR STE 167,Z134070405,03/01/2022,SURREY WOODS TOWNHOME ASSN INC,SURREY WOODS TOWNHOME ASSN INC,9015
681,1722 SW BAYSHORE BLVD # 1730,MWC31587821,03/01/2022,SW BAYSHORE LLC,STOCKTON MAINTENANCE GROUP LLC,9014
682,865 SW PIEDMONT CT,TWC3964707,03/15/2022,T & E SERVICES OF FLORIDA LLC,T & E SERVICES OF FLORIDA LLC,8010
683,11200 SW VILLAGE PKWY STE 102,AWC1164252,03/02/2022,T CAFE LLC,T CAFE LLC,9082
684,11200 SW VILLAGE PKWY STE 102,AWC1164252,03/02/2022,T CAFE LLC,T CAFE LLC,9082
685,11675 SW TOM MACKIE BLVD,WC585006083,03/25/2022,TAMILITE LIGHTING DBA,TAMILITE LIGHTING DBA,8010
686,655 NW ENTERPRISE DR,WC585006083,03/25/2022,TAMILITE LIGHTING DBA,TAMILITE LIGHTING DBA,8010
687,702 SW BAYSHORE BLVD,MWC009206506,03/12/2022,TAWFIK INC OF PORT ST LUCIE,TAWFIK INC OF PORT ST LUCIE,8061
688,3328 S JENKINS RD,FWFL0020818101,03/02/2022,TC BILLIARDS DBA,VEKA VENTURES LLC,9519
689,102 SW PARISH TER,UB8J1453822147G,03/31/2022,TEPHILLIPS LLC,TEPHILLIPS LLC,8602
690,102 SW PARISH TER,UB8J1453822147G,03/31/2022,TEPHILLIPS LLC,TEPHILLIPS LLC,8602
691,1920 SOUTHWEST FOUNTAINVIEW BO,EIG471473700,03/31/2022,TERRAPIN STAFFING CORP,TERRAPIN STAFFING CORP,9052
692,106 SOUTH 2ND STREET,AWC1163992,03/05/2022,THE BRAFORD LLC,THE BRAFORD LLC,9082
693,117 ORANGE AVE,AWC1163992,03/05/2022,THE BRAFORD LLC,THE BRAFORD LLC,9082
694,502 SW COMET TER,TWC3951751,03/02/2022,THE BUG DR PEST CONTROL LLC,THE BUG DR PEST CONTROL LLC,9014
695,502 SW COMET TER,TWC3951751,03/02/2022,THE BUG DR PEST CONTROL LLC,THE BUG DR PEST CONTROL LLC,9014
696,546 NW UNIVERSITY BLVD STE 202,WC01000001021,03/01/2022,THE CASTLE FOUNDATION INC DBA,KYMBERLY GROUP PAYROLL SOLUTIONS INC,7219
697,1607 SE VILLAGE GREEN DR,651097,03/01/2022,THE CUSTOM TRUCK SHOP INC,CUSTOM COLORS PAINT & BODY INC,8393
698,398 SE MAJESTIC TER,AWC1164020,03/05/2022,THE GELINAS GROUP LLC,THE GELINAS GROUP LLC,8868
699,398 SE MAJESTIC TER,AWC1164020,03/05/2022,THE GELINAS GROUP LLC,THE GELINAS GROUP LLC,8868
700,11840 SW TRADITION LAKES BLVD,WC616620452,03/19/2022,THE LAKES AT TRADITION HOA INC,THE LAKES AT TRADITION HOA INC,9015
701,11840 SW TRADITION LAKES BLVD,WC616620452,03/19/2022,THE LAKES AT TRADITION HOA INC,THE LAKES AT TRADITION HOA INC,9015
702,543 NW LAKE WHITNEY PL,WC616620452,03/19/2022,THE LAKES AT TRADITION HOA INC,THE LAKES AT TRADITION HOA INC,9015
703,212 SW RIDGECREST DR,76WEGAD1DYL,03/19/2022,THE LAW OFFICES OF THOMAS TONA,THOMAS TONA PC,8820
704,1550 N LAWNWOOD CIR,036119607217825,03/31/2022,THE LYNMOORE AT LAWNWOOD,ELEGANCE LIVING LLC,8824
705,4006 MARIAH CIR,19652694,03/25/2022,THE PORCH FACTORY LLC,THE PORCH FACTORY LLC,5102
706,705 N 39TH ST,19652694,03/25/2022,THE PORCH FACTORY LLC,THE PORCH FACTORY LLC,5102
707,2974 SE ABA ST,76WEGAF90LK,03/23/2022,THE REGIONAL OPPORTUNITY CTR,THE REGIONAL OPPORTUNITY CTR,8810
708,10951 SW FALL CREEK DR,SUWC237630,03/28/2022,THE SUNRISE FISH RESTAURANT INC,THE SUNRISE FISH RESTAURANT INC,9082
709,2371 SE MERRILL RD,WC625546764,03/06/2022,THE WIMR GROUP DBA BEYOND TH,THE WIMR GROUP DBA BEYOND TH,8810
710,8633 SW FLUTTO WAY,WC625546764,03/06/2022,THE WIMR GROUP DBA BEYOND TH,THE WIMR GROUP DBA BEYOND TH,8810
711,212 SW RIDGECREST DR,76WEGAD1DYL,03/19/2022,THOMAS TONA PC,THOMAS TONA PC,8820
712,3054 N US HIGHWAY 1,WC84000347312021A,03/05/2022,THREE GS INC,THREE GS INC,5537
713,140 SW CHAMBER CT STE 100,XWS2258596770,03/12/2022,TIM IOANNIDES MD LLC DBA TREASURE COAST DERMATOLOGY & SKIN S,TIM IOANNIDES MD LLC DBA TREASURE COAST DERMATOLOGY & SKIN S,8832
714,140 SW CHAMBER CT STE 200,XWS2258596770,03/12/2022,TIM IOANNIDES MD LLC DBA TREASURE COAST DERMATOLOGY & SKIN S,TIM IOANNIDES MD LLC DBA TREASURE COAST DERMATOLOGY & SKIN S,8832
715,140SW SW CHAMBER CT PORT ST LU,XWS2258596770,03/12/2022,TIM IOANNIDES MD LLC DBA TREASURE COAST DERMATOLOGY & SKIN S,TIM IOANNIDES MD LLC DBA TREASURE COAST DERMATOLOGY & SKIN S,8832
716,1801 S 23RD ST STE 5,XWS2258596770,03/12/2022,TIM IOANNIDES MD LLC DBA TREASURE COAST DERMATOLOGY & SKIN S,TIM IOANNIDES MD LLC DBA TREASURE COAST DERMATOLOGY & SKIN S,8832
717,2402 FRIST BLVD STE 101,XWS2258596770,03/12/2022,TIM IOANNIDES MD LLC DBA TREASURE COAST DERMATOLOGY & SKIN S,TIM IOANNIDES MD LLC DBA TREASURE COAST DERMATOLOGY & SKIN S,8832
718,302 MELTON DR,C68954149,03/01/2022,TLR ENTERPRISES INC,TRINET HR II HOLDINGS INC,8832
719,3207 INDUSTRIAL 25TH ST,WC0100066634,03/01/2022,TNT CUSTOM BOAT WORKS LLC,TNT CUSTOM BOAT WORKS LLC,3076
720,3207 INDUSTRIAL 25TH ST,WC0100066634,03/01/2022,TNT CUSTOM BOAT WORKS LLC,TNT CUSTOM BOAT WORKS LLC,3076
721,2539 S US HIGHWAY 1,TWC3953907,03/14/2022,TOUCHSTAR CINEMAS INC,TOUCHSTAR CINEMAS INC,9154
722,6900 HERITAGE DR STE B,WC01000001021,03/01/2022,TOW BOYS INC,TOW BOYS INC,7219
723,1682 SE MARINER LN,TRWC215478,03/01/2022,TRADITION PLUMBING LLC,TRADITION PLUMBING LLC,5183
724,1682 SE MARINER LN,TRWC215478,03/01/2022,TRADITION PLUMBING LLC,TRADITION PLUMBING LLC,5183
725,1111 SE PORT ST LUCIE BLVD,TWC3955081,03/19/2022,TREASURE COAST GOURMET SUBS INC,JIMMY JOHNS DBA,9083
726,1410 SE MANTH LN,TWC3955081,03/19/2022,TREASURE COAST GOURMET SUBS INC,JIMMY JOHNS DBA,9083
727,1111 SE PORT ST LUCIE BLVD,TWC3955081,03/19/2022,TREASURE COAST GOURMET SUBS INC,TREASURE COAST GOURMET SUBS INC DBA JIMMY JOHNS,9083
728,1410 SE MANTH LN,TWC3955081,03/19/2022,TREASURE COAST GOURMET SUBS INC,TREASURE COAST GOURMET SUBS INC DBA JIMMY JOHNS,9083
729,1111 SE PORT ST LUCIE BLVD,TWC3955081,03/19/2022,TREASURE COAST GOURMET SUBS INC,TREASURE COAST GOURMET SUBS INC,9083
730,1410 SE MANTH LN,TWC3955081,03/19/2022,TREASURE COAST GOURMET SUBS INC,TREASURE COAST GOURMET SUBS INC,9083
731,1111 SE PORT ST LUCIE BLVD,TWC3955081,03/19/2022,TREASURE COAST GOURMET SUBS INC,TREASURE COAST GOURMET SUBS INC DBA JIMMY JOHNS,9083
732,1410 SE MANTH LN,TWC3955081,03/19/2022,TREASURE COAST GOURMET SUBS INC,TREASURE COAST GOURMET SUBS INC DBA JIMMY JOHNS,9083
733,4100 N A1A APT 3,TWC3950844,03/31/2022,TREASURE COVE DUNES CONDOMINIUM ASSN INC,TREASURE COVE DUNES CONDOMINIUM ASSN INC,9015
734,4100 N HIGHWAY A1A,TWC3950844,03/31/2022,TREASURE COVE DUNES CONDOMINIUM ASSN INC,TREASURE COVE DUNES CONDOMINIUM ASSN INC,9015
735,4100 N HIGHWAY A1A,TWC3950844,03/31/2022,TREASURE COVE DUNES CONDOMINIUM ASSN INC,TREASURE COVE DUNES CONDOMINIUM ASSN INC,9015
736,1760 COPENHAVER RD,TRWC233900,03/09/2022,TREFELNER CONSTRUCTION INC,TREFELNER CONSTRUCTION INC,5437
737,PO BOX 12891,TRWC233900,03/09/2022,TREFELNER CONSTRUCTION INC,TREFELNER CONSTRUCTION INC,5437
738,1221 SW BAYSHORE BLVD,UB8M7592852142G,03/08/2022,TRIANGLE LAND SURVEYING INC,TRIANGLE LAND SURVEYING INC,8601
739,7324 COMMERCIAL CIR,WC58600001021SZ,03/01/2022,TRUE STONE MASONRY LLC,TRUE STONE MASONRY LLC,8380
740,1324 SW WELLINGTON AVE,MWC012441304,03/02/2022,TRUSTY'S PEST CONTROL LLC,TRUSTY'S PEST CONTROL LLC,9014
741,1324 SW WELLINGTON AVE,MWC012441304,03/02/2022,TRUSTY'S PEST CONTROL LLC,TRUSTY'S PEST CONTROL LLC,9014
742,2406 S US HIGHWAY 1,MWC31257221,03/01/2022,TUFF SHED INC,TUFF SHED INC,2802
743,307 & 330 INDIAN HILLS DRIVE,MWC31257221,03/01/2022,TUFF SHED INC,TUFF SHED INC,2802
744,7820 S US HIGHWAY 1,76WEGAF8NPJ,03/18/2022,TWISTEE TREAT,TWISTEE TREAT,8017
745,1800 SE VILLAGE GREEN DR,19650563,03/08/2022,TWO MEN & A TRUCK,TWO MEN & A TRUCK,8293
746,451 SW BETHANY DR,TWC3950712,03/05/2022,TYKES & TEENS INC,TYKES & TEENS INC,8832
747,3685 NORTH US 1,AVWCFL2963972021,03/29/2022,UNCLE TONY'S U PULL IT INC,A & A AUTO SALVAGE INC,3821
748,3701 OKEECHOBEE RD,WWC3515188,03/22/2022,UNICO AIR CONDITIONING CO,UNICO AIR CONDITIONING CO,5537
749,3180 SE OVERBROOK DR,WC011326685,03/01/2022,UNIFIED DOOR & HARDWARE GROUP LLC,UNIFIED DOOR & HARDWARE GROUP LLC,8235
750,879 SW SOUTH MACEDO BLVD,WC01000001021,03/01/2022,UNITED WATER RESTORATION TREASURE COAST,KYMBERLY GROUP PAYROLL SOLUTIONS INC,7219
751,3514 OKEECHOBEE RD,WC625553326,03/08/2022,UNLIMITED WIRELESS FP LLC,UNLIMITED WIRELESS FP LLC,8017
752,3514 OKEECHOBEE RD,WC625553326,03/08/2022,UNLIMITED WIRELESS FP LLC,UNLIMITED WIRELESS FP LLC,8017
753,4953 S US HIGHWAY 1,WC625553326,03/08/2022,UNLIMITED WIRELESS FP LLC,UNLIMITED WIRELESS FP LLC,8017
754,5212 OKEECHOBEE RD,WC625553326,03/08/2022,UNLIMITED WIRELESS FP LLC,UNLIMITED WIRELESS FP LLC,8017
755,601 ORANGE AVE,WC625553326,03/08/2022,UNLIMITED WIRELESS FP LLC,UNLIMITED WIRELESS FP LLC,8017
756,1327 NW SAINT LUCIE WEST BLVD,01WBCPG7100,03/22/2022,VACATION SUPERSTORE NETWORK INC,VACATION SUPERSTORE NETWORK INC,8810
757,240 NW PEACOCK BLVD STE 201,01WBCPG7100,03/22/2022,VACATION SUPERSTORE NETWORK INC,VACATION SUPERSTORE NETWORK INC,8810
758,240 NW PEACOCK BLVD STE 201,01WBCPG7100,03/22/2022,VACATION SUPERSTORE NETWORK INC,VACATION SUPERSTORE NETWORK INC,8810
759,3328 S JENKINS RD,FWFL0020818101,03/02/2022,VEKA VENTURES LLC,VEKA VENTURES LLC,9519
760,6745 N OLD DIXIE HWY,WC0100069259,03/31/2022,VERO BEACH GOLF CARS LLC,VERO BEACH GOLF CARS LLC,8380
761,4001 OAK HAMMOCK LANE,UB0K64096A2147G,03/11/2022,VETERINARY MEDICAL CENTER OF ST LUCIE COUNTY INC,VETERINARY MEDICAL CENTER OF ST LUCIE COUNTY INC,8831
762,7790 S US HIGHWAY 1,UB0K64096A2147G,03/11/2022,VETERINARY MEDICAL CENTER OF ST LUCIE COUNTY INC,VETERINARY MEDICAL CENTER OF ST LUCIE COUNTY INC,8831
763,2974 SE ABA ST,76WEGAF90LK,03/23/2022,VIBRANT PITTSBURGH,THE REGIONAL OPPORTUNITY CTR,8810
764,1618 MAYFLOWER RD,N9WC230625,03/25/2022,VICENTE INSTALLS LLC,VICENTE INSTALLS LLC,5102
765,136 NW WILLOW GROVE AVE,GIWC240856,03/16/2022,VINNY'S PIZZA DBA,GIOS PIZZA INC,9082
766,2002 MARINER BAY BLVD,76WEGRT3312,03/06/2022,VISION 20 20 PHARMACY CONSULTING SERVICES LLC,VISION 20 20 PHARMACY CONSULTING SERVICES LLC,8742
767,2611 S 28TH ST,MWC016590502,03/13/2022,VMZ CITRUS IRRIGATION CORP,VMZ CITRUS IRRIGATION CORP,5183
768,2303 ORANGE AVE,6031912,03/23/2022,W L PERRY MUSIC CO INC,W L PERRY MUSIC CO INC,5192
769,651 NE HAMMOCK CREEK TRL,83028717,03/01/2022,WOODLANDS MONTESSORI NORTH,WOODLANDS SCHOOL NORTH INC,8869
770,651 NE HAMMOCK CREEK TRL,83028717,03/01/2022,WOODLANDS SCHOOL NORTH INC,WOODLANDS SCHOOL NORTH INC,8869
771,2276 SE TRILLO ST,WC932790000,03/01/2022,YOCOM & MCKEE INC,YOCOM & MCKEE INC,8803
772,7820 S US HIGHWAY 1,76WEGAF8NPJ,03/18/2022,ZIEGLER ENTERPRISES LLC,ZIEGLER ENTERPRISES LLC,8017
773,7820 S US HIGHWAY 1,76WEGAF8NPJ,03/18/2022,ZIEGLER ENTERPRISES LLC,ZIEGLER ENTERPRISES LLC,8017
